Workbook

Sheet Model
A1: بيانات المادة / Item | D1: M01 - كانون الثاني Jan 2026 | P1: M02 - شباط Feb 2026 | AB1: M03 - آذار Mar 2026 | AN1: M04 - نيسان Apr 2026 | AZ1: M05 - أيار May 2026 | BL1: M06 - حزيران Jun 2026 | BX1: M07 - تموز Jul 2026 | CJ1: M08 - آب Aug 2026 | CV1: M09 - أيلول Sep 2026 | DH1: الملخص 9 أشهر (كانون الثاني - أيلول 2026) / 9-Month Summary
A2: رقم المادة ItemNo | B2: وصف المادة ItemDesc | C2: الفئة الفرعية SubCateg | D2: رصيد بداية المدة كمية OpenQty | E2: كلفة بداية المدة OpenCost | F2: كلفة الوحدة بداية Open Unit Cost | G2: مجموع الإدخال كمية TotalInQty | H2: كلفة الإدخال InCost | I2: كلفة وحدة الإدخال In Unit Cost | J2: مجموع الإخراج كمية OutQty (+) | K2: كلفة الإخراج OutCost | L2: كلفة وحدة الإخراج Out Unit Cost | M2: رصيد نهاية المدة كمية EndQty | N2: كلفة نهاية المدة EndCost | O2: كلفة الوحدة نهاية End Unit Cost | P2: رصيد بداية المدة كمية OpenQty | Q2: كلفة بداية المدة OpenCost | R2: كلفة الوحدة بداية Open Unit Cost | S2: مجموع الإدخال كمية TotalInQty | T2: كلفة الإدخال InCost | U2: كلفة وحدة الإدخال In Unit Cost | V2: مجموع الإخراج كمية OutQty (+) | W2: كلفة الإخراج OutCost | X2: كلفة وحدة الإخراج Out Unit Cost | Y2: رصيد نهاية المدة كمية EndQty | Z2: كلفة نهاية المدة EndCost | AA2: كلفة الوحدة نهاية End Unit Cost | AB2: رصيد بداية المدة كمية OpenQty | AC2: كلفة بداية المدة OpenCost | AD2: كلفة الوحدة بداية Open Unit Cost | AE2: مجموع الإدخال كمية TotalInQty | AF2: كلفة الإدخال InCost | AG2: كلفة وحدة الإدخال In Unit Cost | AH2: مجموع الإخراج كمية OutQty (+) | AI2: كلفة الإخراج OutCost | AJ2: كلفة وحدة الإخراج Out Unit Cost | AK2: رصيد نهاية المدة كمية EndQty | AL2: كلفة نهاية المدة EndCost | AM2: كلفة الوحدة نهاية End Unit Cost | AN2: رصيد بداية المدة كمية OpenQty | AO2: كلفة بداية المدة OpenCost | AP2: كلفة الوحدة بداية Open Unit Cost | AQ2: مجموع الإدخال كمية TotalInQty | AR2: كلفة الإدخال InCost | AS2: كلفة وحدة الإدخال In Unit Cost | AT2: مجموع الإخراج كمية OutQty (+) | AU2: كلفة الإخراج OutCost | AV2: كلفة وحدة الإخراج Out Unit Cost | AW2: رصيد نهاية المدة كمية EndQty | AX2: كلفة نهاية المدة EndCost | AY2: كلفة الوحدة نهاية End Unit Cost | AZ2: رصيد بداية المدة كمية OpenQty | BA2: كلفة بداية المدة OpenCost | BB2: كلفة الوحدة بداية Open Unit Cost | BC2: مجموع الإدخال كمية TotalInQty | BD2: كلفة الإدخال InCost | BE2: كلفة وحدة الإدخال In Unit Cost | BF2: مجموع الإخراج كمية OutQty (+) | BG2: كلفة الإخراج OutCost | BH2: كلفة وحدة الإخراج Out Unit Cost | BI2: رصيد نهاية المدة كمية EndQty | BJ2: كلفة نهاية المدة EndCost | BK2: كلفة الوحدة نهاية End Unit Cost | BL2: رصيد بداية المدة كمية OpenQty | BM2: كلفة بداية المدة OpenCost | BN2: كلفة الوحدة بداية Open Unit Cost | BO2: مجموع الإدخال كمية TotalInQty | BP2: كلفة الإدخال InCost | BQ2: كلفة وحدة الإدخال In Unit Cost | BR2: مجموع الإخراج كمية OutQty (+) | BS2: كلفة الإخراج OutCost | BT2: كلفة وحدة الإخراج Out Unit Cost | BU2: رصيد نهاية المدة كمية EndQty | BV2: كلفة نهاية المدة EndCost | BW2: كلفة الوحدة نهاية End Unit Cost | BX2: رصيد بداية المدة كمية OpenQty | BY2: كلفة بداية المدة OpenCost | BZ2: كلفة الوحدة بداية Open Unit Cost | CA2: مجموع الإدخال كمية TotalInQty | CB2: كلفة الإدخال InCost | CC2: كلفة وحدة الإدخال In Unit Cost | CD2: مجموع الإخراج كمية OutQty (+) | CE2: كلفة الإخراج OutCost | CF2: كلفة وحدة الإخراج Out Unit Cost | CG2: رصيد نهاية المدة كمية EndQty | CH2: كلفة نهاية المدة EndCost | CI2: كلفة الوحدة نهاية End Unit Cost | CJ2: رصيد بداية المدة كمية OpenQty | CK2: كلفة بداية المدة OpenCost | CL2: كلفة الوحدة بداية Open Unit Cost | CM2: مجموع الإدخال كمية TotalInQty | CN2: كلفة الإدخال InCost | CO2: كلفة وحدة الإدخال In Unit Cost | CP2: مجموع الإخراج كمية OutQty (+) | CQ2: كلفة الإخراج OutCost | CR2: كلفة وحدة الإخراج Out Unit Cost | CS2: رصيد نهاية المدة كمية EndQty | CT2: كلفة نهاية المدة EndCost | CU2: كلفة الوحدة نهاية End Unit Cost | CV2: رصيد بداية المدة كمية OpenQty | CW2: كلفة بداية المدة OpenCost | CX2: كلفة الوحدة بداية Open Unit Cost | CY2: مجموع الإدخال كمية TotalInQty | CZ2: كلفة الإدخال InCost | DA2: كلفة وحدة الإدخال In Unit Cost | DB2: مجموع الإخراج كمية OutQty (+) | DC2: كلفة الإخراج OutCost | DD2: كلفة وحدة الإخراج Out Unit Cost | DE2: رصيد نهاية المدة كمية EndQty | DF2: كلفة نهاية المدة EndCost | DG2: كلفة الوحدة نهاية End Unit Cost | DH2: إجمالي الإخراج 9 أشهر كمية Total Out Qty 9M | DI2: إجمالي كلفة الإخراج 9 أشهر Total Out Cost 9M | DJ2: متوسط الاستهلاك الشهري الفعلي كمية Avg Monthly Out Qty | DK2: متوسط كلفة الاستهلاك الشهري Avg Monthly Out Cost | DL2: متوسط كلفة الوحدة الفعلية 9 أشهر Actual Avg Unit Cost 9M | DM2: كلفة الوحدة المعيارية في النظام Std Unit Cost (ItemUnitCost M09) | DN2: الفرق % بين الفعلية والمعيارية Actual vs Std % | DO2: معدل الاستهلاك الشهري في النظام System ConsMonRate9 (M09) | DP2: الفرق بين معدلنا ومعدل النظام Our Rate - System Rate | DQ2: عدد الأشهر التي فيها حركة إخراج Months with Out Movement | DR2: رصيد نهاية أيلول كمية EndQty Sep | DS2: شهور التغطية Coverage Months | DT2: تدقيق (يجب أن يكون 0) Check (=0)
A3: ='M01'!C2 | B3: ='M01'!D2 | C3: ='M01'!A2 | D3: ='M01'!E2 | E3: ='M01'!F2 | F3: =IFERROR(E3/D3,0) | G3: ='M01'!M2 | H3: =IF('M01'!AG2>0,'M01'!AG2+MAX(0,G3-'M01'!H2)*IF(AND(D3<>0,E3<>0),E3/D3,'M01'!V2),G3*IF(AND(D3<>0,E3<>0),E3/D3,'M01'!V2)) | I3: =IFERROR(H3/G3,0) | J3: =-'M01'!S2 | K3: =E3+H3-N3 | L3: =IFERROR(K3/J3,0) | M3: ='M01'!T2 | N3: ='M01'!U2 | O3: =IFERROR(N3/M3,0) | P3: ='M02'!E2 | Q3: ='M02'!F2 | R3: =IFERROR(Q3/P3,0) | S3: ='M02'!M2 | T3: =IF('M02'!AG2>0,'M02'!AG2+MAX(0,S3-'M02'!H2)*IF(AND(P3<>0,Q3<>0),Q3/P3,'M02'!V2),S3*IF(AND(P3<>0,Q3<>0),Q3/P3,'M02'!V2)) | U3: =IFERROR(T3/S3,0) | V3: =-'M02'!S2 | W3: =Q3+T3-Z3 | X3: =IFERROR(W3/V3,0) | Y3: ='M02'!T2 | Z3: ='M02'!U2 | AA3: =IFERROR(Z3/Y3,0) | AB3: ='M03'!E2 | AC3: ='M03'!F2 | AD3: =IFERROR(AC3/AB3,0) | AE3: ='M03'!M2 | AF3: =IF('M03'!AG2>0,'M03'!AG2+MAX(0,AE3-'M03'!H2)*IF(AND(AB3<>0,AC3<>0),AC3/AB3,'M03'!V2),AE3*IF(AND(AB3<>0,AC3<>0),AC3/AB3,'M03'!V2)) | AG3: =IFERROR(AF3/AE3,0) | AH3: =-'M03'!S2 | AI3: =AC3+AF3-AL3 | AJ3: =IFERROR(AI3/AH3,0) | AK3: ='M03'!T2 | AL3: ='M03'!U2 | AM3: =IFERROR(AL3/AK3,0) | AN3: ='M04'!E2 | AO3: ='M04'!F2 | AP3: =IFERROR(AO3/AN3,0) | AQ3: ='M04'!M2 | AR3: =IF('M04'!AG2>0,'M04'!AG2+MAX(0,AQ3-'M04'!H2)*IF(AND(AN3<>0,AO3<>0),AO3/AN3,'M04'!V2),AQ3*IF(AND(AN3<>0,AO3<>0),AO3/AN3,'M04'!V2)) | AS3: =IFERROR(AR3/AQ3,0) | AT3: =-'M04'!S2 | AU3: =AO3+AR3-AX3 | AV3: =IFERROR(AU3/AT3,0) | AW3: ='M04'!T2 | AX3: ='M04'!U2 | AY3: =IFERROR(AX3/AW3,0) | AZ3: ='M05'!E2 | BA3: ='M05'!F2 | BB3: =IFERROR(BA3/AZ3,0) | BC3: ='M05'!M2 | BD3: =IF('M05'!AG2>0,'M05'!AG2+MAX(0,BC3-'M05'!H2)*IF(AND(AZ3<>0,BA3<>0),BA3/AZ3,'M05'!V2),BC3*IF(AND(AZ3<>0,BA3<>0),BA3/AZ3,'M05'!V2)) | BE3: =IFERROR(BD3/BC3,0) | BF3: =-'M05'!S2 | BG3: =BA3+BD3-BJ3 | BH3: =IFERROR(BG3/BF3,0) | BI3: ='M05'!T2 | BJ3: ='M05'!U2 | BK3: =IFERROR(BJ3/BI3,0) | BL3: ='M06'!E2 | BM3: ='M06'!F2 | BN3: =IFERROR(BM3/BL3,0) | BO3: ='M06'!M2 | BP3: =IF('M06'!AG2>0,'M06'!AG2+MAX(0,BO3-'M06'!H2)*IF(AND(BL3<>0,BM3<>0),BM3/BL3,'M06'!V2),BO3*IF(AND(BL3<>0,BM3<>0),BM3/BL3,'M06'!V2)) | BQ3: =IFERROR(BP3/BO3,0) | BR3: =-'M06'!S2 | BS3: =BM3+BP3-BV3 | BT3: =IFERROR(BS3/BR3,0) | BU3: ='M06'!T2 | BV3: ='M06'!U2 | BW3: =IFERROR(BV3/BU3,0) | BX3: ='M07'!E2 | BY3: ='M07'!F2 | BZ3: =IFERROR(BY3/BX3,0) | CA3: ='M07'!M2 | CB3: =IF('M07'!AG2>0,'M07'!AG2+MAX(0,CA3-'M07'!H2)*IF(AND(BX3<>0,BY3<>0),BY3/BX3,'M07'!V2),CA3*IF(AND(BX3<>0,BY3<>0),BY3/BX3,'M07'!V2)) | CC3: =IFERROR(CB3/CA3,0) | CD3: =-'M07'!S2 | CE3: =BY3+CB3-CH3 | CF3: =IFERROR(CE3/CD3,0) | CG3: ='M07'!T2 | CH3: ='M07'!U2 | CI3: =IFERROR(CH3/CG3,0) | CJ3: ='M08'!E2 | CK3: ='M08'!F2 | CL3: =IFERROR(CK3/CJ3,0) | CM3: ='M08'!M2 | CN3: =IF('M08'!AG2>0,'M08'!AG2+MAX(0,CM3-'M08'!H2)*IF(AND(CJ3<>0,CK3<>0),CK3/CJ3,'M08'!V2),CM3*IF(AND(CJ3<>0,CK3<>0),CK3/CJ3,'M08'!V2)) | CO3: =IFERROR(CN3/CM3,0) | CP3: =-'M08'!S2 | CQ3: =CK3+CN3-CT3 | CR3: =IFERROR(CQ3/CP3,0) | CS3: ='M08'!T2 | CT3: ='M08'!U2 | CU3: =IFERROR(CT3/CS3,0) | CV3: ='M09'!E2 | CW3: ='M09'!F2 | CX3: =IFERROR(CW3/CV3,0) | CY3: ='M09'!M2 | CZ3: =IF('M09'!AG2>0,'M09'!AG2+MAX(0,CY3-'M09'!H2)*IF(AND(CV3<>0,CW3<>0),CW3/CV3,'M09'!V2),CY3*IF(AND(CV3<>0,CW3<>0),CW3/CV3,'M09'!V2)) | DA3: =IFERROR(CZ3/CY3,0) | DB3: =-'M09'!S2 | DC3: =CW3+CZ3-DF3 | DD3: =IFERROR(DC3/DB3,0) | DE3: ='M09'!T2 | DF3: ='M09'!U2 | DG3: =IFERROR(DF3/DE3,0) | DH3: =SUM(J3,V3,AH3,AT3,BF3,BR3,CD3,CP3,DB3) | DI3: =SUM(K3,W3,AI3,AU3,BG3,BS3,CE3,CQ3,DC3) | DJ3: =DH3/9 | DK3: =DI3/9 | DL3: =IFERROR(DI3/DH3,0) | DM3: ='M09'!V2 | DN3: =IFERROR(DL3/DM3-1,0) | DO3: ='M09'!AD2 | DP3: =DJ3-DO3 | DQ3: =COUNTIF(J3,">0")+COUNTIF(V3,">0")+COUNTIF(AH3,">0")+COUNTIF(AT3,">0")+COUNTIF(BF3,">0")+COUNTIF(BR3,">0")+COUNTIF(CD3,">0")+COUNTIF(CP3,">0")+COUNTIF(DB3,">0") | DR3: =DE3 | DS3: =IFERROR(DR3/DJ3,0) | DT3: =D3+SUM(G3,S3,AE3,AQ3,BC3,BO3,CA3,CM3,CY3)-SUM(J3,V3,AH3,AT3,BF3,BR3,CD3,CP3,DB3)-DE3
A4: ='M01'!C3 | B4: ='M01'!D3 | C4: ='M01'!A3 | D4: ='M01'!E3 | E4: ='M01'!F3 | F4: =IFERROR(E4/D4,0) | G4: ='M01'!M3 | H4: =IF('M01'!AG3>0,'M01'!AG3+MAX(0,G4-'M01'!H3)*IF(AND(D4<>0,E4<>0),E4/D4,'M01'!V3),G4*IF(AND(D4<>0,E4<>0),E4/D4,'M01'!V3)) | I4: =IFERROR(H4/G4,0) | J4: =-'M01'!S3 | K4: =E4+H4-N4 | L4: =IFERROR(K4/J4,0) | M4: ='M01'!T3 | N4: ='M01'!U3 | O4: =IFERROR(N4/M4,0) | P4: ='M02'!E3 | Q4: ='M02'!F3 | R4: =IFERROR(Q4/P4,0) | S4: ='M02'!M3 | T4: =IF('M02'!AG3>0,'M02'!AG3+MAX(0,S4-'M02'!H3)*IF(AND(P4<>0,Q4<>0),Q4/P4,'M02'!V3),S4*IF(AND(P4<>0,Q4<>0),Q4/P4,'M02'!V3)) | U4: =IFERROR(T4/S4,0) | V4: =-'M02'!S3 | W4: =Q4+T4-Z4 | X4: =IFERROR(W4/V4,0) | Y4: ='M02'!T3 | Z4: ='M02'!U3 | AA4: =IFERROR(Z4/Y4,0) | AB4: ='M03'!E3 | AC4: ='M03'!F3 | AD4: =IFERROR(AC4/AB4,0) | AE4: ='M03'!M3 | AF4: =IF('M03'!AG3>0,'M03'!AG3+MAX(0,AE4-'M03'!H3)*IF(AND(AB4<>0,AC4<>0),AC4/AB4,'M03'!V3),AE4*IF(AND(AB4<>0,AC4<>0),AC4/AB4,'M03'!V3)) | AG4: =IFERROR(AF4/AE4,0) | AH4: =-'M03'!S3 | AI4: =AC4+AF4-AL4 | AJ4: =IFERROR(AI4/AH4,0) | AK4: ='M03'!T3 | AL4: ='M03'!U3 | AM4: =IFERROR(AL4/AK4,0) | AN4: ='M04'!E3 | AO4: ='M04'!F3 | AP4: =IFERROR(AO4/AN4,0) | AQ4: ='M04'!M3 | AR4: =IF('M04'!AG3>0,'M04'!AG3+MAX(0,AQ4-'M04'!H3)*IF(AND(AN4<>0,AO4<>0),AO4/AN4,'M04'!V3),AQ4*IF(AND(AN4<>0,AO4<>0),AO4/AN4,'M04'!V3)) | AS4: =IFERROR(AR4/AQ4,0) | AT4: =-'M04'!S3 | AU4: =AO4+AR4-AX4 | AV4: =IFERROR(AU4/AT4,0) | AW4: ='M04'!T3 | AX4: ='M04'!U3 | AY4: =IFERROR(AX4/AW4,0) | AZ4: ='M05'!E3 | BA4: ='M05'!F3 | BB4: =IFERROR(BA4/AZ4,0) | BC4: ='M05'!M3 | BD4: =IF('M05'!AG3>0,'M05'!AG3+MAX(0,BC4-'M05'!H3)*IF(AND(AZ4<>0,BA4<>0),BA4/AZ4,'M05'!V3),BC4*IF(AND(AZ4<>0,BA4<>0),BA4/AZ4,'M05'!V3)) | BE4: =IFERROR(BD4/BC4,0) | BF4: =-'M05'!S3 | BG4: =BA4+BD4-BJ4 | BH4: =IFERROR(BG4/BF4,0) | BI4: ='M05'!T3 | BJ4: ='M05'!U3 | BK4: =IFERROR(BJ4/BI4,0) | BL4: ='M06'!E3 | BM4: ='M06'!F3 | BN4: =IFERROR(BM4/BL4,0) | BO4: ='M06'!M3 | BP4: =IF('M06'!AG3>0,'M06'!AG3+MAX(0,BO4-'M06'!H3)*IF(AND(BL4<>0,BM4<>0),BM4/BL4,'M06'!V3),BO4*IF(AND(BL4<>0,BM4<>0),BM4/BL4,'M06'!V3)) | BQ4: =IFERROR(BP4/BO4,0) | BR4: =-'M06'!S3 | BS4: =BM4+BP4-BV4 | BT4: =IFERROR(BS4/BR4,0) | BU4: ='M06'!T3 | BV4: ='M06'!U3 | BW4: =IFERROR(BV4/BU4,0) | BX4: ='M07'!E3 | BY4: ='M07'!F3 | BZ4: =IFERROR(BY4/BX4,0) | CA4: ='M07'!M3 | CB4: =IF('M07'!AG3>0,'M07'!AG3+MAX(0,CA4-'M07'!H3)*IF(AND(BX4<>0,BY4<>0),BY4/BX4,'M07'!V3),CA4*IF(AND(BX4<>0,BY4<>0),BY4/BX4,'M07'!V3)) | CC4: =IFERROR(CB4/CA4,0) | CD4: =-'M07'!S3 | CE4: =BY4+CB4-CH4 | CF4: =IFERROR(CE4/CD4,0) | CG4: ='M07'!T3 | CH4: ='M07'!U3 | CI4: =IFERROR(CH4/CG4,0) | CJ4: ='M08'!E3 | CK4: ='M08'!F3 | CL4: =IFERROR(CK4/CJ4,0) | CM4: ='M08'!M3 | CN4: =IF('M08'!AG3>0,'M08'!AG3+MAX(0,CM4-'M08'!H3)*IF(AND(CJ4<>0,CK4<>0),CK4/CJ4,'M08'!V3),CM4*IF(AND(CJ4<>0,CK4<>0),CK4/CJ4,'M08'!V3)) | CO4: =IFERROR(CN4/CM4,0) | CP4: =-'M08'!S3 | CQ4: =CK4+CN4-CT4 | CR4: =IFERROR(CQ4/CP4,0) | CS4: ='M08'!T3 | CT4: ='M08'!U3 | CU4: =IFERROR(CT4/CS4,0) | CV4: ='M09'!E3 | CW4: ='M09'!F3 | CX4: =IFERROR(CW4/CV4,0) | CY4: ='M09'!M3 | CZ4: =IF('M09'!AG3>0,'M09'!AG3+MAX(0,CY4-'M09'!H3)*IF(AND(CV4<>0,CW4<>0),CW4/CV4,'M09'!V3),CY4*IF(AND(CV4<>0,CW4<>0),CW4/CV4,'M09'!V3)) | DA4: =IFERROR(CZ4/CY4,0) | DB4: =-'M09'!S3 | DC4: =CW4+CZ4-DF4 | DD4: =IFERROR(DC4/DB4,0) | DE4: ='M09'!T3 | DF4: ='M09'!U3 | DG4: =IFERROR(DF4/DE4,0) | DH4: =SUM(J4,V4,AH4,AT4,BF4,BR4,CD4,CP4,DB4) | DI4: =SUM(K4,W4,AI4,AU4,BG4,BS4,CE4,CQ4,DC4) | DJ4: =DH4/9 | DK4: =DI4/9 | DL4: =IFERROR(DI4/DH4,0) | DM4: ='M09'!V3 | DN4: =IFERROR(DL4/DM4-1,0) | DO4: ='M09'!AD3 | DP4: =DJ4-DO4 | DQ4: =COUNTIF(J4,">0")+COUNTIF(V4,">0")+COUNTIF(AH4,">0")+COUNTIF(AT4,">0")+COUNTIF(BF4,">0")+COUNTIF(BR4,">0")+COUNTIF(CD4,">0")+COUNTIF(CP4,">0")+COUNTIF(DB4,">0") | DR4: =DE4 | DS4: =IFERROR(DR4/DJ4,0) | DT4: =D4+SUM(G4,S4,AE4,AQ4,BC4,BO4,CA4,CM4,CY4)-SUM(J4,V4,AH4,AT4,BF4,BR4,CD4,CP4,DB4)-DE4
A5: ='M01'!C4 | B5: ='M01'!D4 | C5: ='M01'!A4 | D5: ='M01'!E4 | E5: ='M01'!F4 | F5: =IFERROR(E5/D5,0) | G5: ='M01'!M4 | H5: =IF('M01'!AG4>0,'M01'!AG4+MAX(0,G5-'M01'!H4)*IF(AND(D5<>0,E5<>0),E5/D5,'M01'!V4),G5*IF(AND(D5<>0,E5<>0),E5/D5,'M01'!V4)) | I5: =IFERROR(H5/G5,0) | J5: =-'M01'!S4 | K5: =E5+H5-N5 | L5: =IFERROR(K5/J5,0) | M5: ='M01'!T4 | N5: ='M01'!U4 | O5: =IFERROR(N5/M5,0) | P5: ='M02'!E4 | Q5: ='M02'!F4 | R5: =IFERROR(Q5/P5,0) | S5: ='M02'!M4 | T5: =IF('M02'!AG4>0,'M02'!AG4+MAX(0,S5-'M02'!H4)*IF(AND(P5<>0,Q5<>0),Q5/P5,'M02'!V4),S5*IF(AND(P5<>0,Q5<>0),Q5/P5,'M02'!V4)) | U5: =IFERROR(T5/S5,0) | V5: =-'M02'!S4 | W5: =Q5+T5-Z5 | X5: =IFERROR(W5/V5,0) | Y5: ='M02'!T4 | Z5: ='M02'!U4 | AA5: =IFERROR(Z5/Y5,0) | AB5: ='M03'!E4 | AC5: ='M03'!F4 | AD5: =IFERROR(AC5/AB5,0) | AE5: ='M03'!M4 | AF5: =IF('M03'!AG4>0,'M03'!AG4+MAX(0,AE5-'M03'!H4)*IF(AND(AB5<>0,AC5<>0),AC5/AB5,'M03'!V4),AE5*IF(AND(AB5<>0,AC5<>0),AC5/AB5,'M03'!V4)) | AG5: =IFERROR(AF5/AE5,0) | AH5: =-'M03'!S4 | AI5: =AC5+AF5-AL5 | AJ5: =IFERROR(AI5/AH5,0) | AK5: ='M03'!T4 | AL5: ='M03'!U4 | AM5: =IFERROR(AL5/AK5,0) | AN5: ='M04'!E4 | AO5: ='M04'!F4 | AP5: =IFERROR(AO5/AN5,0) | AQ5: ='M04'!M4 | AR5: =IF('M04'!AG4>0,'M04'!AG4+MAX(0,AQ5-'M04'!H4)*IF(AND(AN5<>0,AO5<>0),AO5/AN5,'M04'!V4),AQ5*IF(AND(AN5<>0,AO5<>0),AO5/AN5,'M04'!V4)) | AS5: =IFERROR(AR5/AQ5,0) | AT5: =-'M04'!S4 | AU5: =AO5+AR5-AX5 | AV5: =IFERROR(AU5/AT5,0) | AW5: ='M04'!T4 | AX5: ='M04'!U4 | AY5: =IFERROR(AX5/AW5,0) | AZ5: ='M05'!E4 | BA5: ='M05'!F4 | BB5: =IFERROR(BA5/AZ5,0) | BC5: ='M05'!M4 | BD5: =IF('M05'!AG4>0,'M05'!AG4+MAX(0,BC5-'M05'!H4)*IF(AND(AZ5<>0,BA5<>0),BA5/AZ5,'M05'!V4),BC5*IF(AND(AZ5<>0,BA5<>0),BA5/AZ5,'M05'!V4)) | BE5: =IFERROR(BD5/BC5,0) | BF5: =-'M05'!S4 | BG5: =BA5+BD5-BJ5 | BH5: =IFERROR(BG5/BF5,0) | BI5: ='M05'!T4 | BJ5: ='M05'!U4 | BK5: =IFERROR(BJ5/BI5,0) | BL5: ='M06'!E4 | BM5: ='M06'!F4 | BN5: =IFERROR(BM5/BL5,0) | BO5: ='M06'!M4 | BP5: =IF('M06'!AG4>0,'M06'!AG4+MAX(0,BO5-'M06'!H4)*IF(AND(BL5<>0,BM5<>0),BM5/BL5,'M06'!V4),BO5*IF(AND(BL5<>0,BM5<>0),BM5/BL5,'M06'!V4)) | BQ5: =IFERROR(BP5/BO5,0) | BR5: =-'M06'!S4 | BS5: =BM5+BP5-BV5 | BT5: =IFERROR(BS5/BR5,0) | BU5: ='M06'!T4 | BV5: ='M06'!U4 | BW5: =IFERROR(BV5/BU5,0) | BX5: ='M07'!E4 | BY5: ='M07'!F4 | BZ5: =IFERROR(BY5/BX5,0) | CA5: ='M07'!M4 | CB5: =IF('M07'!AG4>0,'M07'!AG4+MAX(0,CA5-'M07'!H4)*IF(AND(BX5<>0,BY5<>0),BY5/BX5,'M07'!V4),CA5*IF(AND(BX5<>0,BY5<>0),BY5/BX5,'M07'!V4)) | CC5: =IFERROR(CB5/CA5,0) | CD5: =-'M07'!S4 | CE5: =BY5+CB5-CH5 | CF5: =IFERROR(CE5/CD5,0) | CG5: ='M07'!T4 | CH5: ='M07'!U4 | CI5: =IFERROR(CH5/CG5,0) | CJ5: ='M08'!E4 | CK5: ='M08'!F4 | CL5: =IFERROR(CK5/CJ5,0) | CM5: ='M08'!M4 | CN5: =IF('M08'!AG4>0,'M08'!AG4+MAX(0,CM5-'M08'!H4)*IF(AND(CJ5<>0,CK5<>0),CK5/CJ5,'M08'!V4),CM5*IF(AND(CJ5<>0,CK5<>0),CK5/CJ5,'M08'!V4)) | CO5: =IFERROR(CN5/CM5,0) | CP5: =-'M08'!S4 | CQ5: =CK5+CN5-CT5 | CR5: =IFERROR(CQ5/CP5,0) | CS5: ='M08'!T4 | CT5: ='M08'!U4 | CU5: =IFERROR(CT5/CS5,0) | CV5: ='M09'!E4 | CW5: ='M09'!F4 | CX5: =IFERROR(CW5/CV5,0) | CY5: ='M09'!M4 | CZ5: =IF('M09'!AG4>0,'M09'!AG4+MAX(0,CY5-'M09'!H4)*IF(AND(CV5<>0,CW5<>0),CW5/CV5,'M09'!V4),CY5*IF(AND(CV5<>0,CW5<>0),CW5/CV5,'M09'!V4)) | DA5: =IFERROR(CZ5/CY5,0) | DB5: =-'M09'!S4 | DC5: =CW5+CZ5-DF5 | DD5: =IFERROR(DC5/DB5,0) | DE5: ='M09'!T4 | DF5: ='M09'!U4 | DG5: =IFERROR(DF5/DE5,0) | DH5: =SUM(J5,V5,AH5,AT5,BF5,BR5,CD5,CP5,DB5) | DI5: =SUM(K5,W5,AI5,AU5,BG5,BS5,CE5,CQ5,DC5) | DJ5: =DH5/9 | DK5: =DI5/9 | DL5: =IFERROR(DI5/DH5,0) | DM5: ='M09'!V4 | DN5: =IFERROR(DL5/DM5-1,0) | DO5: ='M09'!AD4 | DP5: =DJ5-DO5 | DQ5: =COUNTIF(J5,">0")+COUNTIF(V5,">0")+COUNTIF(AH5,">0")+COUNTIF(AT5,">0")+COUNTIF(BF5,">0")+COUNTIF(BR5,">0")+COUNTIF(CD5,">0")+COUNTIF(CP5,">0")+COUNTIF(DB5,">0") | DR5: =DE5 | DS5: =IFERROR(DR5/DJ5,0) | DT5: =D5+SUM(G5,S5,AE5,AQ5,BC5,BO5,CA5,CM5,CY5)-SUM(J5,V5,AH5,AT5,BF5,BR5,CD5,CP5,DB5)-DE5
A6: ='M01'!C5 | B6: ='M01'!D5 | C6: ='M01'!A5 | D6: ='M01'!E5 | E6: ='M01'!F5 | F6: =IFERROR(E6/D6,0) | G6: ='M01'!M5 | H6: =IF('M01'!AG5>0,'M01'!AG5+MAX(0,G6-'M01'!H5)*IF(AND(D6<>0,E6<>0),E6/D6,'M01'!V5),G6*IF(AND(D6<>0,E6<>0),E6/D6,'M01'!V5)) | I6: =IFERROR(H6/G6,0) | J6: =-'M01'!S5 | K6: =E6+H6-N6 | L6: =IFERROR(K6/J6,0) | M6: ='M01'!T5 | N6: ='M01'!U5 | O6: =IFERROR(N6/M6,0) | P6: ='M02'!E5 | Q6: ='M02'!F5 | R6: =IFERROR(Q6/P6,0) | S6: ='M02'!M5 | T6: =IF('M02'!AG5>0,'M02'!AG5+MAX(0,S6-'M02'!H5)*IF(AND(P6<>0,Q6<>0),Q6/P6,'M02'!V5),S6*IF(AND(P6<>0,Q6<>0),Q6/P6,'M02'!V5)) | U6: =IFERROR(T6/S6,0) | V6: =-'M02'!S5 | W6: =Q6+T6-Z6 | X6: =IFERROR(W6/V6,0) | Y6: ='M02'!T5 | Z6: ='M02'!U5 | AA6: =IFERROR(Z6/Y6,0) | AB6: ='M03'!E5 | AC6: ='M03'!F5 | AD6: =IFERROR(AC6/AB6,0) | AE6: ='M03'!M5 | AF6: =IF('M03'!AG5>0,'M03'!AG5+MAX(0,AE6-'M03'!H5)*IF(AND(AB6<>0,AC6<>0),AC6/AB6,'M03'!V5),AE6*IF(AND(AB6<>0,AC6<>0),AC6/AB6,'M03'!V5)) | AG6: =IFERROR(AF6/AE6,0) | AH6: =-'M03'!S5 | AI6: =AC6+AF6-AL6 | AJ6: =IFERROR(AI6/AH6,0) | AK6: ='M03'!T5 | AL6: ='M03'!U5 | AM6: =IFERROR(AL6/AK6,0) | AN6: ='M04'!E5 | AO6: ='M04'!F5 | AP6: =IFERROR(AO6/AN6,0) | AQ6: ='M04'!M5 | AR6: =IF('M04'!AG5>0,'M04'!AG5+MAX(0,AQ6-'M04'!H5)*IF(AND(AN6<>0,AO6<>0),AO6/AN6,'M04'!V5),AQ6*IF(AND(AN6<>0,AO6<>0),AO6/AN6,'M04'!V5)) | AS6: =IFERROR(AR6/AQ6,0) | AT6: =-'M04'!S5 | AU6: =AO6+AR6-AX6 | AV6: =IFERROR(AU6/AT6,0) | AW6: ='M04'!T5 | AX6: ='M04'!U5 | AY6: =IFERROR(AX6/AW6,0) | AZ6: ='M05'!E5 | BA6: ='M05'!F5 | BB6: =IFERROR(BA6/AZ6,0) | BC6: ='M05'!M5 | BD6: =IF('M05'!AG5>0,'M05'!AG5+MAX(0,BC6-'M05'!H5)*IF(AND(AZ6<>0,BA6<>0),BA6/AZ6,'M05'!V5),BC6*IF(AND(AZ6<>0,BA6<>0),BA6/AZ6,'M05'!V5)) | BE6: =IFERROR(BD6/BC6,0) | BF6: =-'M05'!S5 | BG6: =BA6+BD6-BJ6 | BH6: =IFERROR(BG6/BF6,0) | BI6: ='M05'!T5 | BJ6: ='M05'!U5 | BK6: =IFERROR(BJ6/BI6,0) | BL6: ='M06'!E5 | BM6: ='M06'!F5 | BN6: =IFERROR(BM6/BL6,0) | BO6: ='M06'!M5 | BP6: =IF('M06'!AG5>0,'M06'!AG5+MAX(0,BO6-'M06'!H5)*IF(AND(BL6<>0,BM6<>0),BM6/BL6,'M06'!V5),BO6*IF(AND(BL6<>0,BM6<>0),BM6/BL6,'M06'!V5)) | BQ6: =IFERROR(BP6/BO6,0) | BR6: =-'M06'!S5 | BS6: =BM6+BP6-BV6 | BT6: =IFERROR(BS6/BR6,0) | BU6: ='M06'!T5 | BV6: ='M06'!U5 | BW6: =IFERROR(BV6/BU6,0) | BX6: ='M07'!E5 | BY6: ='M07'!F5 | BZ6: =IFERROR(BY6/BX6,0) | CA6: ='M07'!M5 | CB6: =IF('M07'!AG5>0,'M07'!AG5+MAX(0,CA6-'M07'!H5)*IF(AND(BX6<>0,BY6<>0),BY6/BX6,'M07'!V5),CA6*IF(AND(BX6<>0,BY6<>0),BY6/BX6,'M07'!V5)) | CC6: =IFERROR(CB6/CA6,0) | CD6: =-'M07'!S5 | CE6: =BY6+CB6-CH6 | CF6: =IFERROR(CE6/CD6,0) | CG6: ='M07'!T5 | CH6: ='M07'!U5 | CI6: =IFERROR(CH6/CG6,0) | CJ6: ='M08'!E5 | CK6: ='M08'!F5 | CL6: =IFERROR(CK6/CJ6,0) | CM6: ='M08'!M5 | CN6: =IF('M08'!AG5>0,'M08'!AG5+MAX(0,CM6-'M08'!H5)*IF(AND(CJ6<>0,CK6<>0),CK6/CJ6,'M08'!V5),CM6*IF(AND(CJ6<>0,CK6<>0),CK6/CJ6,'M08'!V5)) | CO6: =IFERROR(CN6/CM6,0) | CP6: =-'M08'!S5 | CQ6: =CK6+CN6-CT6 | CR6: =IFERROR(CQ6/CP6,0) | CS6: ='M08'!T5 | CT6: ='M08'!U5 | CU6: =IFERROR(CT6/CS6,0) | CV6: ='M09'!E5 | CW6: ='M09'!F5 | CX6: =IFERROR(CW6/CV6,0) | CY6: ='M09'!M5 | CZ6: =IF('M09'!AG5>0,'M09'!AG5+MAX(0,CY6-'M09'!H5)*IF(AND(CV6<>0,CW6<>0),CW6/CV6,'M09'!V5),CY6*IF(AND(CV6<>0,CW6<>0),CW6/CV6,'M09'!V5)) | DA6: =IFERROR(CZ6/CY6,0) | DB6: =-'M09'!S5 | DC6: =CW6+CZ6-DF6 | DD6: =IFERROR(DC6/DB6,0) | DE6: ='M09'!T5 | DF6: ='M09'!U5 | DG6: =IFERROR(DF6/DE6,0) | DH6: =SUM(J6,V6,AH6,AT6,BF6,BR6,CD6,CP6,DB6) | DI6: =SUM(K6,W6,AI6,AU6,BG6,BS6,CE6,CQ6,DC6) | DJ6: =DH6/9 | DK6: =DI6/9 | DL6: =IFERROR(DI6/DH6,0) | DM6: ='M09'!V5 | DN6: =IFERROR(DL6/DM6-1,0) | DO6: ='M09'!AD5 | DP6: =DJ6-DO6 | DQ6: =COUNTIF(J6,">0")+COUNTIF(V6,">0")+COUNTIF(AH6,">0")+COUNTIF(AT6,">0")+COUNTIF(BF6,">0")+COUNTIF(BR6,">0")+COUNTIF(CD6,">0")+COUNTIF(CP6,">0")+COUNTIF(DB6,">0") | DR6: =DE6 | DS6: =IFERROR(DR6/DJ6,0) | DT6: =D6+SUM(G6,S6,AE6,AQ6,BC6,BO6,CA6,CM6,CY6)-SUM(J6,V6,AH6,AT6,BF6,BR6,CD6,CP6,DB6)-DE6
A7: ='M01'!C6 | B7: ='M01'!D6 | C7: ='M01'!A6 | D7: ='M01'!E6 | E7: ='M01'!F6 | F7: =IFERROR(E7/D7,0) | G7: ='M01'!M6 | H7: =IF('M01'!AG6>0,'M01'!AG6+MAX(0,G7-'M01'!H6)*IF(AND(D7<>0,E7<>0),E7/D7,'M01'!V6),G7*IF(AND(D7<>0,E7<>0),E7/D7,'M01'!V6)) | I7: =IFERROR(H7/G7,0) | J7: =-'M01'!S6 | K7: =E7+H7-N7 | L7: =IFERROR(K7/J7,0) | M7: ='M01'!T6 | N7: ='M01'!U6 | O7: =IFERROR(N7/M7,0) | P7: ='M02'!E6 | Q7: ='M02'!F6 | R7: =IFERROR(Q7/P7,0) | S7: ='M02'!M6 | T7: =IF('M02'!AG6>0,'M02'!AG6+MAX(0,S7-'M02'!H6)*IF(AND(P7<>0,Q7<>0),Q7/P7,'M02'!V6),S7*IF(AND(P7<>0,Q7<>0),Q7/P7,'M02'!V6)) | U7: =IFERROR(T7/S7,0) | V7: =-'M02'!S6 | W7: =Q7+T7-Z7 | X7: =IFERROR(W7/V7,0) | Y7: ='M02'!T6 | Z7: ='M02'!U6 | AA7: =IFERROR(Z7/Y7,0) | AB7: ='M03'!E6 | AC7: ='M03'!F6 | AD7: =IFERROR(AC7/AB7,0) | AE7: ='M03'!M6 | AF7: =IF('M03'!AG6>0,'M03'!AG6+MAX(0,AE7-'M03'!H6)*IF(AND(AB7<>0,AC7<>0),AC7/AB7,'M03'!V6),AE7*IF(AND(AB7<>0,AC7<>0),AC7/AB7,'M03'!V6)) | AG7: =IFERROR(AF7/AE7,0) | AH7: =-'M03'!S6 | AI7: =AC7+AF7-AL7 | AJ7: =IFERROR(AI7/AH7,0) | AK7: ='M03'!T6 | AL7: ='M03'!U6 | AM7: =IFERROR(AL7/AK7,0) | AN7: ='M04'!E6 | AO7: ='M04'!F6 | AP7: =IFERROR(AO7/AN7,0) | AQ7: ='M04'!M6 | AR7: =IF('M04'!AG6>0,'M04'!AG6+MAX(0,AQ7-'M04'!H6)*IF(AND(AN7<>0,AO7<>0),AO7/AN7,'M04'!V6),AQ7*IF(AND(AN7<>0,AO7<>0),AO7/AN7,'M04'!V6)) | AS7: =IFERROR(AR7/AQ7,0) | AT7: =-'M04'!S6 | AU7: =AO7+AR7-AX7 | AV7: =IFERROR(AU7/AT7,0) | AW7: ='M04'!T6 | AX7: ='M04'!U6 | AY7: =IFERROR(AX7/AW7,0) | AZ7: ='M05'!E6 | BA7: ='M05'!F6 | BB7: =IFERROR(BA7/AZ7,0) | BC7: ='M05'!M6 | BD7: =IF('M05'!AG6>0,'M05'!AG6+MAX(0,BC7-'M05'!H6)*IF(AND(AZ7<>0,BA7<>0),BA7/AZ7,'M05'!V6),BC7*IF(AND(AZ7<>0,BA7<>0),BA7/AZ7,'M05'!V6)) | BE7: =IFERROR(BD7/BC7,0) | BF7: =-'M05'!S6 | BG7: =BA7+BD7-BJ7 | BH7: =IFERROR(BG7/BF7,0) | BI7: ='M05'!T6 | BJ7: ='M05'!U6 | BK7: =IFERROR(BJ7/BI7,0) | BL7: ='M06'!E6 | BM7: ='M06'!F6 | BN7: =IFERROR(BM7/BL7,0) | BO7: ='M06'!M6 | BP7: =IF('M06'!AG6>0,'M06'!AG6+MAX(0,BO7-'M06'!H6)*IF(AND(BL7<>0,BM7<>0),BM7/BL7,'M06'!V6),BO7*IF(AND(BL7<>0,BM7<>0),BM7/BL7,'M06'!V6)) | BQ7: =IFERROR(BP7/BO7,0) | BR7: =-'M06'!S6 | BS7: =BM7+BP7-BV7 | BT7: =IFERROR(BS7/BR7,0) | BU7: ='M06'!T6 | BV7: ='M06'!U6 | BW7: =IFERROR(BV7/BU7,0) | BX7: ='M07'!E6 | BY7: ='M07'!F6 | BZ7: =IFERROR(BY7/BX7,0) | CA7: ='M07'!M6 | CB7: =IF('M07'!AG6>0,'M07'!AG6+MAX(0,CA7-'M07'!H6)*IF(AND(BX7<>0,BY7<>0),BY7/BX7,'M07'!V6),CA7*IF(AND(BX7<>0,BY7<>0),BY7/BX7,'M07'!V6)) | CC7: =IFERROR(CB7/CA7,0) | CD7: =-'M07'!S6 | CE7: =BY7+CB7-CH7 | CF7: =IFERROR(CE7/CD7,0) | CG7: ='M07'!T6 | CH7: ='M07'!U6 | CI7: =IFERROR(CH7/CG7,0) | CJ7: ='M08'!E6 | CK7: ='M08'!F6 | CL7: =IFERROR(CK7/CJ7,0) | CM7: ='M08'!M6 | CN7: =IF('M08'!AG6>0,'M08'!AG6+MAX(0,CM7-'M08'!H6)*IF(AND(CJ7<>0,CK7<>0),CK7/CJ7,'M08'!V6),CM7*IF(AND(CJ7<>0,CK7<>0),CK7/CJ7,'M08'!V6)) | CO7: =IFERROR(CN7/CM7,0) | CP7: =-'M08'!S6 | CQ7: =CK7+CN7-CT7 | CR7: =IFERROR(CQ7/CP7,0) | CS7: ='M08'!T6 | CT7: ='M08'!U6 | CU7: =IFERROR(CT7/CS7,0) | CV7: ='M09'!E6 | CW7: ='M09'!F6 | CX7: =IFERROR(CW7/CV7,0) | CY7: ='M09'!M6 | CZ7: =IF('M09'!AG6>0,'M09'!AG6+MAX(0,CY7-'M09'!H6)*IF(AND(CV7<>0,CW7<>0),CW7/CV7,'M09'!V6),CY7*IF(AND(CV7<>0,CW7<>0),CW7/CV7,'M09'!V6)) | DA7: =IFERROR(CZ7/CY7,0) | DB7: =-'M09'!S6 | DC7: =CW7+CZ7-DF7 | DD7: =IFERROR(DC7/DB7,0) | DE7: ='M09'!T6 | DF7: ='M09'!U6 | DG7: =IFERROR(DF7/DE7,0) | DH7: =SUM(J7,V7,AH7,AT7,BF7,BR7,CD7,CP7,DB7) | DI7: =SUM(K7,W7,AI7,AU7,BG7,BS7,CE7,CQ7,DC7) | DJ7: =DH7/9 | DK7: =DI7/9 | DL7: =IFERROR(DI7/DH7,0) | DM7: ='M09'!V6 | DN7: =IFERROR(DL7/DM7-1,0) | DO7: ='M09'!AD6 | DP7: =DJ7-DO7 | DQ7: =COUNTIF(J7,">0")+COUNTIF(V7,">0")+COUNTIF(AH7,">0")+COUNTIF(AT7,">0")+COUNTIF(BF7,">0")+COUNTIF(BR7,">0")+COUNTIF(CD7,">0")+COUNTIF(CP7,">0")+COUNTIF(DB7,">0") | DR7: =DE7 | DS7: =IFERROR(DR7/DJ7,0) | DT7: =D7+SUM(G7,S7,AE7,AQ7,BC7,BO7,CA7,CM7,CY7)-SUM(J7,V7,AH7,AT7,BF7,BR7,CD7,CP7,DB7)-DE7
A8: ='M01'!C7 | B8: ='M01'!D7 | C8: ='M01'!A7 | D8: ='M01'!E7 | E8: ='M01'!F7 | F8: =IFERROR(E8/D8,0) | G8: ='M01'!M7 | H8: =IF('M01'!AG7>0,'M01'!AG7+MAX(0,G8-'M01'!H7)*IF(AND(D8<>0,E8<>0),E8/D8,'M01'!V7),G8*IF(AND(D8<>0,E8<>0),E8/D8,'M01'!V7)) | I8: =IFERROR(H8/G8,0) | J8: =-'M01'!S7 | K8: =E8+H8-N8 | L8: =IFERROR(K8/J8,0) | M8: ='M01'!T7 | N8: ='M01'!U7 | O8: =IFERROR(N8/M8,0) | P8: ='M02'!E7 | Q8: ='M02'!F7 | R8: =IFERROR(Q8/P8,0) | S8: ='M02'!M7 | T8: =IF('M02'!AG7>0,'M02'!AG7+MAX(0,S8-'M02'!H7)*IF(AND(P8<>0,Q8<>0),Q8/P8,'M02'!V7),S8*IF(AND(P8<>0,Q8<>0),Q8/P8,'M02'!V7)) | U8: =IFERROR(T8/S8,0) | V8: =-'M02'!S7 | W8: =Q8+T8-Z8 | X8: =IFERROR(W8/V8,0) | Y8: ='M02'!T7 | Z8: ='M02'!U7 | AA8: =IFERROR(Z8/Y8,0) | AB8: ='M03'!E7 | AC8: ='M03'!F7 | AD8: =IFERROR(AC8/AB8,0) | AE8: ='M03'!M7 | AF8: =IF('M03'!AG7>0,'M03'!AG7+MAX(0,AE8-'M03'!H7)*IF(AND(AB8<>0,AC8<>0),AC8/AB8,'M03'!V7),AE8*IF(AND(AB8<>0,AC8<>0),AC8/AB8,'M03'!V7)) | AG8: =IFERROR(AF8/AE8,0) | AH8: =-'M03'!S7 | AI8: =AC8+AF8-AL8 | AJ8: =IFERROR(AI8/AH8,0) | AK8: ='M03'!T7 | AL8: ='M03'!U7 | AM8: =IFERROR(AL8/AK8,0) | AN8: ='M04'!E7 | AO8: ='M04'!F7 | AP8: =IFERROR(AO8/AN8,0) | AQ8: ='M04'!M7 | AR8: =IF('M04'!AG7>0,'M04'!AG7+MAX(0,AQ8-'M04'!H7)*IF(AND(AN8<>0,AO8<>0),AO8/AN8,'M04'!V7),AQ8*IF(AND(AN8<>0,AO8<>0),AO8/AN8,'M04'!V7)) | AS8: =IFERROR(AR8/AQ8,0) | AT8: =-'M04'!S7 | AU8: =AO8+AR8-AX8 | AV8: =IFERROR(AU8/AT8,0) | AW8: ='M04'!T7 | AX8: ='M04'!U7 | AY8: =IFERROR(AX8/AW8,0) | AZ8: ='M05'!E7 | BA8: ='M05'!F7 | BB8: =IFERROR(BA8/AZ8,0) | BC8: ='M05'!M7 | BD8: =IF('M05'!AG7>0,'M05'!AG7+MAX(0,BC8-'M05'!H7)*IF(AND(AZ8<>0,BA8<>0),BA8/AZ8,'M05'!V7),BC8*IF(AND(AZ8<>0,BA8<>0),BA8/AZ8,'M05'!V7)) | BE8: =IFERROR(BD8/BC8,0) | BF8: =-'M05'!S7 | BG8: =BA8+BD8-BJ8 | BH8: =IFERROR(BG8/BF8,0) | BI8: ='M05'!T7 | BJ8: ='M05'!U7 | BK8: =IFERROR(BJ8/BI8,0) | BL8: ='M06'!E7 | BM8: ='M06'!F7 | BN8: =IFERROR(BM8/BL8,0) | BO8: ='M06'!M7 | BP8: =IF('M06'!AG7>0,'M06'!AG7+MAX(0,BO8-'M06'!H7)*IF(AND(BL8<>0,BM8<>0),BM8/BL8,'M06'!V7),BO8*IF(AND(BL8<>0,BM8<>0),BM8/BL8,'M06'!V7)) | BQ8: =IFERROR(BP8/BO8,0) | BR8: =-'M06'!S7 | BS8: =BM8+BP8-BV8 | BT8: =IFERROR(BS8/BR8,0) | BU8: ='M06'!T7 | BV8: ='M06'!U7 | BW8: =IFERROR(BV8/BU8,0) | BX8: ='M07'!E7 | BY8: ='M07'!F7 | BZ8: =IFERROR(BY8/BX8,0) | CA8: ='M07'!M7 | CB8: =IF('M07'!AG7>0,'M07'!AG7+MAX(0,CA8-'M07'!H7)*IF(AND(BX8<>0,BY8<>0),BY8/BX8,'M07'!V7),CA8*IF(AND(BX8<>0,BY8<>0),BY8/BX8,'M07'!V7)) | CC8: =IFERROR(CB8/CA8,0) | CD8: =-'M07'!S7 | CE8: =BY8+CB8-CH8 | CF8: =IFERROR(CE8/CD8,0) | CG8: ='M07'!T7 | CH8: ='M07'!U7 | CI8: =IFERROR(CH8/CG8,0) | CJ8: ='M08'!E7 | CK8: ='M08'!F7 | CL8: =IFERROR(CK8/CJ8,0) | CM8: ='M08'!M7 | CN8: =IF('M08'!AG7>0,'M08'!AG7+MAX(0,CM8-'M08'!H7)*IF(AND(CJ8<>0,CK8<>0),CK8/CJ8,'M08'!V7),CM8*IF(AND(CJ8<>0,CK8<>0),CK8/CJ8,'M08'!V7)) | CO8: =IFERROR(CN8/CM8,0) | CP8: =-'M08'!S7 | CQ8: =CK8+CN8-CT8 | CR8: =IFERROR(CQ8/CP8,0) | CS8: ='M08'!T7 | CT8: ='M08'!U7 | CU8: =IFERROR(CT8/CS8,0) | CV8: ='M09'!E7 | CW8: ='M09'!F7 | CX8: =IFERROR(CW8/CV8,0) | CY8: ='M09'!M7 | CZ8: =IF('M09'!AG7>0,'M09'!AG7+MAX(0,CY8-'M09'!H7)*IF(AND(CV8<>0,CW8<>0),CW8/CV8,'M09'!V7),CY8*IF(AND(CV8<>0,CW8<>0),CW8/CV8,'M09'!V7)) | DA8: =IFERROR(CZ8/CY8,0) | DB8: =-'M09'!S7 | DC8: =CW8+CZ8-DF8 | DD8: =IFERROR(DC8/DB8,0) | DE8: ='M09'!T7 | DF8: ='M09'!U7 | DG8: =IFERROR(DF8/DE8,0) | DH8: =SUM(J8,V8,AH8,AT8,BF8,BR8,CD8,CP8,DB8) | DI8: =SUM(K8,W8,AI8,AU8,BG8,BS8,CE8,CQ8,DC8) | DJ8: =DH8/9 | DK8: =DI8/9 | DL8: =IFERROR(DI8/DH8,0) | DM8: ='M09'!V7 | DN8: =IFERROR(DL8/DM8-1,0) | DO8: ='M09'!AD7 | DP8: =DJ8-DO8 | DQ8: =COUNTIF(J8,">0")+COUNTIF(V8,">0")+COUNTIF(AH8,">0")+COUNTIF(AT8,">0")+COUNTIF(BF8,">0")+COUNTIF(BR8,">0")+COUNTIF(CD8,">0")+COUNTIF(CP8,">0")+COUNTIF(DB8,">0") | DR8: =DE8 | DS8: =IFERROR(DR8/DJ8,0) | DT8: =D8+SUM(G8,S8,AE8,AQ8,BC8,BO8,CA8,CM8,CY8)-SUM(J8,V8,AH8,AT8,BF8,BR8,CD8,CP8,DB8)-DE8
A9: ='M01'!C8 | B9: ='M01'!D8 | C9: ='M01'!A8 | D9: ='M01'!E8 | E9: ='M01'!F8 | F9: =IFERROR(E9/D9,0) | G9: ='M01'!M8 | H9: =IF('M01'!AG8>0,'M01'!AG8+MAX(0,G9-'M01'!H8)*IF(AND(D9<>0,E9<>0),E9/D9,'M01'!V8),G9*IF(AND(D9<>0,E9<>0),E9/D9,'M01'!V8)) | I9: =IFERROR(H9/G9,0) | J9: =-'M01'!S8 | K9: =E9+H9-N9 | L9: =IFERROR(K9/J9,0) | M9: ='M01'!T8 | N9: ='M01'!U8 | O9: =IFERROR(N9/M9,0) | P9: ='M02'!E8 | Q9: ='M02'!F8 | R9: =IFERROR(Q9/P9,0) | S9: ='M02'!M8 | T9: =IF('M02'!AG8>0,'M02'!AG8+MAX(0,S9-'M02'!H8)*IF(AND(P9<>0,Q9<>0),Q9/P9,'M02'!V8),S9*IF(AND(P9<>0,Q9<>0),Q9/P9,'M02'!V8)) | U9: =IFERROR(T9/S9,0) | V9: =-'M02'!S8 | W9: =Q9+T9-Z9 | X9: =IFERROR(W9/V9,0) | Y9: ='M02'!T8 | Z9: ='M02'!U8 | AA9: =IFERROR(Z9/Y9,0) | AB9: ='M03'!E8 | AC9: ='M03'!F8 | AD9: =IFERROR(AC9/AB9,0) | AE9: ='M03'!M8 | AF9: =IF('M03'!AG8>0,'M03'!AG8+MAX(0,AE9-'M03'!H8)*IF(AND(AB9<>0,AC9<>0),AC9/AB9,'M03'!V8),AE9*IF(AND(AB9<>0,AC9<>0),AC9/AB9,'M03'!V8)) | AG9: =IFERROR(AF9/AE9,0) | AH9: =-'M03'!S8 | AI9: =AC9+AF9-AL9 | AJ9: =IFERROR(AI9/AH9,0) | AK9: ='M03'!T8 | AL9: ='M03'!U8 | AM9: =IFERROR(AL9/AK9,0) | AN9: ='M04'!E8 | AO9: ='M04'!F8 | AP9: =IFERROR(AO9/AN9,0) | AQ9: ='M04'!M8 | AR9: =IF('M04'!AG8>0,'M04'!AG8+MAX(0,AQ9-'M04'!H8)*IF(AND(AN9<>0,AO9<>0),AO9/AN9,'M04'!V8),AQ9*IF(AND(AN9<>0,AO9<>0),AO9/AN9,'M04'!V8)) | AS9: =IFERROR(AR9/AQ9,0) | AT9: =-'M04'!S8 | AU9: =AO9+AR9-AX9 | AV9: =IFERROR(AU9/AT9,0) | AW9: ='M04'!T8 | AX9: ='M04'!U8 | AY9: =IFERROR(AX9/AW9,0) | AZ9: ='M05'!E8 | BA9: ='M05'!F8 | BB9: =IFERROR(BA9/AZ9,0) | BC9: ='M05'!M8 | BD9: =IF('M05'!AG8>0,'M05'!AG8+MAX(0,BC9-'M05'!H8)*IF(AND(AZ9<>0,BA9<>0),BA9/AZ9,'M05'!V8),BC9*IF(AND(AZ9<>0,BA9<>0),BA9/AZ9,'M05'!V8)) | BE9: =IFERROR(BD9/BC9,0) | BF9: =-'M05'!S8 | BG9: =BA9+BD9-BJ9 | BH9: =IFERROR(BG9/BF9,0) | BI9: ='M05'!T8 | BJ9: ='M05'!U8 | BK9: =IFERROR(BJ9/BI9,0) | BL9: ='M06'!E8 | BM9: ='M06'!F8 | BN9: =IFERROR(BM9/BL9,0) | BO9: ='M06'!M8 | BP9: =IF('M06'!AG8>0,'M06'!AG8+MAX(0,BO9-'M06'!H8)*IF(AND(BL9<>0,BM9<>0),BM9/BL9,'M06'!V8),BO9*IF(AND(BL9<>0,BM9<>0),BM9/BL9,'M06'!V8)) | BQ9: =IFERROR(BP9/BO9,0) | BR9: =-'M06'!S8 | BS9: =BM9+BP9-BV9 | BT9: =IFERROR(BS9/BR9,0) | BU9: ='M06'!T8 | BV9: ='M06'!U8 | BW9: =IFERROR(BV9/BU9,0) | BX9: ='M07'!E8 | BY9: ='M07'!F8 | BZ9: =IFERROR(BY9/BX9,0) | CA9: ='M07'!M8 | CB9: =IF('M07'!AG8>0,'M07'!AG8+MAX(0,CA9-'M07'!H8)*IF(AND(BX9<>0,BY9<>0),BY9/BX9,'M07'!V8),CA9*IF(AND(BX9<>0,BY9<>0),BY9/BX9,'M07'!V8)) | CC9: =IFERROR(CB9/CA9,0) | CD9: =-'M07'!S8 | CE9: =BY9+CB9-CH9 | CF9: =IFERROR(CE9/CD9,0) | CG9: ='M07'!T8 | CH9: ='M07'!U8 | CI9: =IFERROR(CH9/CG9,0) | CJ9: ='M08'!E8 | CK9: ='M08'!F8 | CL9: =IFERROR(CK9/CJ9,0) | CM9: ='M08'!M8 | CN9: =IF('M08'!AG8>0,'M08'!AG8+MAX(0,CM9-'M08'!H8)*IF(AND(CJ9<>0,CK9<>0),CK9/CJ9,'M08'!V8),CM9*IF(AND(CJ9<>0,CK9<>0),CK9/CJ9,'M08'!V8)) | CO9: =IFERROR(CN9/CM9,0) | CP9: =-'M08'!S8 | CQ9: =CK9+CN9-CT9 | CR9: =IFERROR(CQ9/CP9,0) | CS9: ='M08'!T8 | CT9: ='M08'!U8 | CU9: =IFERROR(CT9/CS9,0) | CV9: ='M09'!E8 | CW9: ='M09'!F8 | CX9: =IFERROR(CW9/CV9,0) | CY9: ='M09'!M8 | CZ9: =IF('M09'!AG8>0,'M09'!AG8+MAX(0,CY9-'M09'!H8)*IF(AND(CV9<>0,CW9<>0),CW9/CV9,'M09'!V8),CY9*IF(AND(CV9<>0,CW9<>0),CW9/CV9,'M09'!V8)) | DA9: =IFERROR(CZ9/CY9,0) | DB9: =-'M09'!S8 | DC9: =CW9+CZ9-DF9 | DD9: =IFERROR(DC9/DB9,0) | DE9: ='M09'!T8 | DF9: ='M09'!U8 | DG9: =IFERROR(DF9/DE9,0) | DH9: =SUM(J9,V9,AH9,AT9,BF9,BR9,CD9,CP9,DB9) | DI9: =SUM(K9,W9,AI9,AU9,BG9,BS9,CE9,CQ9,DC9) | DJ9: =DH9/9 | DK9: =DI9/9 | DL9: =IFERROR(DI9/DH9,0) | DM9: ='M09'!V8 | DN9: =IFERROR(DL9/DM9-1,0) | DO9: ='M09'!AD8 | DP9: =DJ9-DO9 | DQ9: =COUNTIF(J9,">0")+COUNTIF(V9,">0")+COUNTIF(AH9,">0")+COUNTIF(AT9,">0")+COUNTIF(BF9,">0")+COUNTIF(BR9,">0")+COUNTIF(CD9,">0")+COUNTIF(CP9,">0")+COUNTIF(DB9,">0") | DR9: =DE9 | DS9: =IFERROR(DR9/DJ9,0) | DT9: =D9+SUM(G9,S9,AE9,AQ9,BC9,BO9,CA9,CM9,CY9)-SUM(J9,V9,AH9,AT9,BF9,BR9,CD9,CP9,DB9)-DE9
A10: ='M01'!C9 | B10: ='M01'!D9 | C10: ='M01'!A9 | D10: ='M01'!E9 | E10: ='M01'!F9 | F10: =IFERROR(E10/D10,0) | G10: ='M01'!M9 | H10: =IF('M01'!AG9>0,'M01'!AG9+MAX(0,G10-'M01'!H9)*IF(AND(D10<>0,E10<>0),E10/D10,'M01'!V9),G10*IF(AND(D10<>0,E10<>0),E10/D10,'M01'!V9)) | I10: =IFERROR(H10/G10,0) | J10: =-'M01'!S9 | K10: =E10+H10-N10 | L10: =IFERROR(K10/J10,0) | M10: ='M01'!T9 | N10: ='M01'!U9 | O10: =IFERROR(N10/M10,0) | P10: ='M02'!E9 | Q10: ='M02'!F9 | R10: =IFERROR(Q10/P10,0) | S10: ='M02'!M9 | T10: =IF('M02'!AG9>0,'M02'!AG9+MAX(0,S10-'M02'!H9)*IF(AND(P10<>0,Q10<>0),Q10/P10,'M02'!V9),S10*IF(AND(P10<>0,Q10<>0),Q10/P10,'M02'!V9)) | U10: =IFERROR(T10/S10,0) | V10: =-'M02'!S9 | W10: =Q10+T10-Z10 | X10: =IFERROR(W10/V10,0) | Y10: ='M02'!T9 | Z10: ='M02'!U9 | AA10: =IFERROR(Z10/Y10,0) | AB10: ='M03'!E9 | AC10: ='M03'!F9 | AD10: =IFERROR(AC10/AB10,0) | AE10: ='M03'!M9 | AF10: =IF('M03'!AG9>0,'M03'!AG9+MAX(0,AE10-'M03'!H9)*IF(AND(AB10<>0,AC10<>0),AC10/AB10,'M03'!V9),AE10*IF(AND(AB10<>0,AC10<>0),AC10/AB10,'M03'!V9)) | AG10: =IFERROR(AF10/AE10,0) | AH10: =-'M03'!S9 | AI10: =AC10+AF10-AL10 | AJ10: =IFERROR(AI10/AH10,0) | AK10: ='M03'!T9 | AL10: ='M03'!U9 | AM10: =IFERROR(AL10/AK10,0) | AN10: ='M04'!E9 | AO10: ='M04'!F9 | AP10: =IFERROR(AO10/AN10,0) | AQ10: ='M04'!M9 | AR10: =IF('M04'!AG9>0,'M04'!AG9+MAX(0,AQ10-'M04'!H9)*IF(AND(AN10<>0,AO10<>0),AO10/AN10,'M04'!V9),AQ10*IF(AND(AN10<>0,AO10<>0),AO10/AN10,'M04'!V9)) | AS10: =IFERROR(AR10/AQ10,0) | AT10: =-'M04'!S9 | AU10: =AO10+AR10-AX10 | AV10: =IFERROR(AU10/AT10,0) | AW10: ='M04'!T9 | AX10: ='M04'!U9 | AY10: =IFERROR(AX10/AW10,0) | AZ10: ='M05'!E9 | BA10: ='M05'!F9 | BB10: =IFERROR(BA10/AZ10,0) | BC10: ='M05'!M9 | BD10: =IF('M05'!AG9>0,'M05'!AG9+MAX(0,BC10-'M05'!H9)*IF(AND(AZ10<>0,BA10<>0),BA10/AZ10,'M05'!V9),BC10*IF(AND(AZ10<>0,BA10<>0),BA10/AZ10,'M05'!V9)) | BE10: =IFERROR(BD10/BC10,0) | BF10: =-'M05'!S9 | BG10: =BA10+BD10-BJ10 | BH10: =IFERROR(BG10/BF10,0) | BI10: ='M05'!T9 | BJ10: ='M05'!U9 | BK10: =IFERROR(BJ10/BI10,0) | BL10: ='M06'!E9 | BM10: ='M06'!F9 | BN10: =IFERROR(BM10/BL10,0) | BO10: ='M06'!M9 | BP10: =IF('M06'!AG9>0,'M06'!AG9+MAX(0,BO10-'M06'!H9)*IF(AND(BL10<>0,BM10<>0),BM10/BL10,'M06'!V9),BO10*IF(AND(BL10<>0,BM10<>0),BM10/BL10,'M06'!V9)) | BQ10: =IFERROR(BP10/BO10,0) | BR10: =-'M06'!S9 | BS10: =BM10+BP10-BV10 | BT10: =IFERROR(BS10/BR10,0) | BU10: ='M06'!T9 | BV10: ='M06'!U9 | BW10: =IFERROR(BV10/BU10,0) | BX10: ='M07'!E9 | BY10: ='M07'!F9 | BZ10: =IFERROR(BY10/BX10,0) | CA10: ='M07'!M9 | CB10: =IF('M07'!AG9>0,'M07'!AG9+MAX(0,CA10-'M07'!H9)*IF(AND(BX10<>0,BY10<>0),BY10/BX10,'M07'!V9),CA10*IF(AND(BX10<>0,BY10<>0),BY10/BX10,'M07'!V9)) | CC10: =IFERROR(CB10/CA10,0) | CD10: =-'M07'!S9 | CE10: =BY10+CB10-CH10 | CF10: =IFERROR(CE10/CD10,0) | CG10: ='M07'!T9 | CH10: ='M07'!U9 | CI10: =IFERROR(CH10/CG10,0) | CJ10: ='M08'!E9 | CK10: ='M08'!F9 | CL10: =IFERROR(CK10/CJ10,0) | CM10: ='M08'!M9 | CN10: =IF('M08'!AG9>0,'M08'!AG9+MAX(0,CM10-'M08'!H9)*IF(AND(CJ10<>0,CK10<>0),CK10/CJ10,'M08'!V9),CM10*IF(AND(CJ10<>0,CK10<>0),CK10/CJ10,'M08'!V9)) | CO10: =IFERROR(CN10/CM10,0) | CP10: =-'M08'!S9 | CQ10: =CK10+CN10-CT10 | CR10: =IFERROR(CQ10/CP10,0) | CS10: ='M08'!T9 | CT10: ='M08'!U9 | CU10: =IFERROR(CT10/CS10,0) | CV10: ='M09'!E9 | CW10: ='M09'!F9 | CX10: =IFERROR(CW10/CV10,0) | CY10: ='M09'!M9 | CZ10: =IF('M09'!AG9>0,'M09'!AG9+MAX(0,CY10-'M09'!H9)*IF(AND(CV10<>0,CW10<>0),CW10/CV10,'M09'!V9),CY10*IF(AND(CV10<>0,CW10<>0),CW10/CV10,'M09'!V9)) | DA10: =IFERROR(CZ10/CY10,0) | DB10: =-'M09'!S9 | DC10: =CW10+CZ10-DF10 | DD10: =IFERROR(DC10/DB10,0) | DE10: ='M09'!T9 | DF10: ='M09'!U9 | DG10: =IFERROR(DF10/DE10,0) | DH10: =SUM(J10,V10,AH10,AT10,BF10,BR10,CD10,CP10,DB10) | DI10: =SUM(K10,W10,AI10,AU10,BG10,BS10,CE10,CQ10,DC10) | DJ10: =DH10/9 | DK10: =DI10/9 | DL10: =IFERROR(DI10/DH10,0) | DM10: ='M09'!V9 | DN10: =IFERROR(DL10/DM10-1,0) | DO10: ='M09'!AD9 | DP10: =DJ10-DO10 | DQ10: =COUNTIF(J10,">0")+COUNTIF(V10,">0")+COUNTIF(AH10,">0")+COUNTIF(AT10,">0")+COUNTIF(BF10,">0")+COUNTIF(BR10,">0")+COUNTIF(CD10,">0")+COUNTIF(CP10,">0")+COUNTIF(DB10,">0") | DR10: =DE10 | DS10: =IFERROR(DR10/DJ10,0) | DT10: =D10+SUM(G10,S10,AE10,AQ10,BC10,BO10,CA10,CM10,CY10)-SUM(J10,V10,AH10,AT10,BF10,BR10,CD10,CP10,DB10)-DE10
A11: ='M01'!C10 | B11: ='M01'!D10 | C11: ='M01'!A10 | D11: ='M01'!E10 | E11: ='M01'!F10 | F11: =IFERROR(E11/D11,0) | G11: ='M01'!M10 | H11: =IF('M01'!AG10>0,'M01'!AG10+MAX(0,G11-'M01'!H10)*IF(AND(D11<>0,E11<>0),E11/D11,'M01'!V10),G11*IF(AND(D11<>0,E11<>0),E11/D11,'M01'!V10)) | I11: =IFERROR(H11/G11,0) | J11: =-'M01'!S10 | K11: =E11+H11-N11 | L11: =IFERROR(K11/J11,0) | M11: ='M01'!T10 | N11: ='M01'!U10 | O11: =IFERROR(N11/M11,0) | P11: ='M02'!E10 | Q11: ='M02'!F10 | R11: =IFERROR(Q11/P11,0) | S11: ='M02'!M10 | T11: =IF('M02'!AG10>0,'M02'!AG10+MAX(0,S11-'M02'!H10)*IF(AND(P11<>0,Q11<>0),Q11/P11,'M02'!V10),S11*IF(AND(P11<>0,Q11<>0),Q11/P11,'M02'!V10)) | U11: =IFERROR(T11/S11,0) | V11: =-'M02'!S10 | W11: =Q11+T11-Z11 | X11: =IFERROR(W11/V11,0) | Y11: ='M02'!T10 | Z11: ='M02'!U10 | AA11: =IFERROR(Z11/Y11,0) | AB11: ='M03'!E10 | AC11: ='M03'!F10 | AD11: =IFERROR(AC11/AB11,0) | AE11: ='M03'!M10 | AF11: =IF('M03'!AG10>0,'M03'!AG10+MAX(0,AE11-'M03'!H10)*IF(AND(AB11<>0,AC11<>0),AC11/AB11,'M03'!V10),AE11*IF(AND(AB11<>0,AC11<>0),AC11/AB11,'M03'!V10)) | AG11: =IFERROR(AF11/AE11,0) | AH11: =-'M03'!S10 | AI11: =AC11+AF11-AL11 | AJ11: =IFERROR(AI11/AH11,0) | AK11: ='M03'!T10 | AL11: ='M03'!U10 | AM11: =IFERROR(AL11/AK11,0) | AN11: ='M04'!E10 | AO11: ='M04'!F10 | AP11: =IFERROR(AO11/AN11,0) | AQ11: ='M04'!M10 | AR11: =IF('M04'!AG10>0,'M04'!AG10+MAX(0,AQ11-'M04'!H10)*IF(AND(AN11<>0,AO11<>0),AO11/AN11,'M04'!V10),AQ11*IF(AND(AN11<>0,AO11<>0),AO11/AN11,'M04'!V10)) | AS11: =IFERROR(AR11/AQ11,0) | AT11: =-'M04'!S10 | AU11: =AO11+AR11-AX11 | AV11: =IFERROR(AU11/AT11,0) | AW11: ='M04'!T10 | AX11: ='M04'!U10 | AY11: =IFERROR(AX11/AW11,0) | AZ11: ='M05'!E10 | BA11: ='M05'!F10 | BB11: =IFERROR(BA11/AZ11,0) | BC11: ='M05'!M10 | BD11: =IF('M05'!AG10>0,'M05'!AG10+MAX(0,BC11-'M05'!H10)*IF(AND(AZ11<>0,BA11<>0),BA11/AZ11,'M05'!V10),BC11*IF(AND(AZ11<>0,BA11<>0),BA11/AZ11,'M05'!V10)) | BE11: =IFERROR(BD11/BC11,0) | BF11: =-'M05'!S10 | BG11: =BA11+BD11-BJ11 | BH11: =IFERROR(BG11/BF11,0) | BI11: ='M05'!T10 | BJ11: ='M05'!U10 | BK11: =IFERROR(BJ11/BI11,0) | BL11: ='M06'!E10 | BM11: ='M06'!F10 | BN11: =IFERROR(BM11/BL11,0) | BO11: ='M06'!M10 | BP11: =IF('M06'!AG10>0,'M06'!AG10+MAX(0,BO11-'M06'!H10)*IF(AND(BL11<>0,BM11<>0),BM11/BL11,'M06'!V10),BO11*IF(AND(BL11<>0,BM11<>0),BM11/BL11,'M06'!V10)) | BQ11: =IFERROR(BP11/BO11,0) | BR11: =-'M06'!S10 | BS11: =BM11+BP11-BV11 | BT11: =IFERROR(BS11/BR11,0) | BU11: ='M06'!T10 | BV11: ='M06'!U10 | BW11: =IFERROR(BV11/BU11,0) | BX11: ='M07'!E10 | BY11: ='M07'!F10 | BZ11: =IFERROR(BY11/BX11,0) | CA11: ='M07'!M10 | CB11: =IF('M07'!AG10>0,'M07'!AG10+MAX(0,CA11-'M07'!H10)*IF(AND(BX11<>0,BY11<>0),BY11/BX11,'M07'!V10),CA11*IF(AND(BX11<>0,BY11<>0),BY11/BX11,'M07'!V10)) | CC11: =IFERROR(CB11/CA11,0) | CD11: =-'M07'!S10 | CE11: =BY11+CB11-CH11 | CF11: =IFERROR(CE11/CD11,0) | CG11: ='M07'!T10 | CH11: ='M07'!U10 | CI11: =IFERROR(CH11/CG11,0) | CJ11: ='M08'!E10 | CK11: ='M08'!F10 | CL11: =IFERROR(CK11/CJ11,0) | CM11: ='M08'!M10 | CN11: =IF('M08'!AG10>0,'M08'!AG10+MAX(0,CM11-'M08'!H10)*IF(AND(CJ11<>0,CK11<>0),CK11/CJ11,'M08'!V10),CM11*IF(AND(CJ11<>0,CK11<>0),CK11/CJ11,'M08'!V10)) | CO11: =IFERROR(CN11/CM11,0) | CP11: =-'M08'!S10 | CQ11: =CK11+CN11-CT11 | CR11: =IFERROR(CQ11/CP11,0) | CS11: ='M08'!T10 | CT11: ='M08'!U10 | CU11: =IFERROR(CT11/CS11,0) | CV11: ='M09'!E10 | CW11: ='M09'!F10 | CX11: =IFERROR(CW11/CV11,0) | CY11: ='M09'!M10 | CZ11: =IF('M09'!AG10>0,'M09'!AG10+MAX(0,CY11-'M09'!H10)*IF(AND(CV11<>0,CW11<>0),CW11/CV11,'M09'!V10),CY11*IF(AND(CV11<>0,CW11<>0),CW11/CV11,'M09'!V10)) | DA11: =IFERROR(CZ11/CY11,0) | DB11: =-'M09'!S10 | DC11: =CW11+CZ11-DF11 | DD11: =IFERROR(DC11/DB11,0) | DE11: ='M09'!T10 | DF11: ='M09'!U10 | DG11: =IFERROR(DF11/DE11,0) | DH11: =SUM(J11,V11,AH11,AT11,BF11,BR11,CD11,CP11,DB11) | DI11: =SUM(K11,W11,AI11,AU11,BG11,BS11,CE11,CQ11,DC11) | DJ11: =DH11/9 | DK11: =DI11/9 | DL11: =IFERROR(DI11/DH11,0) | DM11: ='M09'!V10 | DN11: =IFERROR(DL11/DM11-1,0) | DO11: ='M09'!AD10 | DP11: =DJ11-DO11 | DQ11: =COUNTIF(J11,">0")+COUNTIF(V11,">0")+COUNTIF(AH11,">0")+COUNTIF(AT11,">0")+COUNTIF(BF11,">0")+COUNTIF(BR11,">0")+COUNTIF(CD11,">0")+COUNTIF(CP11,">0")+COUNTIF(DB11,">0") | DR11: =DE11 | DS11: =IFERROR(DR11/DJ11,0) | DT11: =D11+SUM(G11,S11,AE11,AQ11,BC11,BO11,CA11,CM11,CY11)-SUM(J11,V11,AH11,AT11,BF11,BR11,CD11,CP11,DB11)-DE11
A12: ='M01'!C11 | B12: ='M01'!D11 | C12: ='M01'!A11 | D12: ='M01'!E11 | E12: ='M01'!F11 | F12: =IFERROR(E12/D12,0) | G12: ='M01'!M11 | H12: =IF('M01'!AG11>0,'M01'!AG11+MAX(0,G12-'M01'!H11)*IF(AND(D12<>0,E12<>0),E12/D12,'M01'!V11),G12*IF(AND(D12<>0,E12<>0),E12/D12,'M01'!V11)) | I12: =IFERROR(H12/G12,0) | J12: =-'M01'!S11 | K12: =E12+H12-N12 | L12: =IFERROR(K12/J12,0) | M12: ='M01'!T11 | N12: ='M01'!U11 | O12: =IFERROR(N12/M12,0) | P12: ='M02'!E11 | Q12: ='M02'!F11 | R12: =IFERROR(Q12/P12,0) | S12: ='M02'!M11 | T12: =IF('M02'!AG11>0,'M02'!AG11+MAX(0,S12-'M02'!H11)*IF(AND(P12<>0,Q12<>0),Q12/P12,'M02'!V11),S12*IF(AND(P12<>0,Q12<>0),Q12/P12,'M02'!V11)) | U12: =IFERROR(T12/S12,0) | V12: =-'M02'!S11 | W12: =Q12+T12-Z12 | X12: =IFERROR(W12/V12,0) | Y12: ='M02'!T11 | Z12: ='M02'!U11 | AA12: =IFERROR(Z12/Y12,0) | AB12: ='M03'!E11 | AC12: ='M03'!F11 | AD12: =IFERROR(AC12/AB12,0) | AE12: ='M03'!M11 | AF12: =IF('M03'!AG11>0,'M03'!AG11+MAX(0,AE12-'M03'!H11)*IF(AND(AB12<>0,AC12<>0),AC12/AB12,'M03'!V11),AE12*IF(AND(AB12<>0,AC12<>0),AC12/AB12,'M03'!V11)) | AG12: =IFERROR(AF12/AE12,0) | AH12: =-'M03'!S11 | AI12: =AC12+AF12-AL12 | AJ12: =IFERROR(AI12/AH12,0) | AK12: ='M03'!T11 | AL12: ='M03'!U11 | AM12: =IFERROR(AL12/AK12,0) | AN12: ='M04'!E11 | AO12: ='M04'!F11 | AP12: =IFERROR(AO12/AN12,0) | AQ12: ='M04'!M11 | AR12: =IF('M04'!AG11>0,'M04'!AG11+MAX(0,AQ12-'M04'!H11)*IF(AND(AN12<>0,AO12<>0),AO12/AN12,'M04'!V11),AQ12*IF(AND(AN12<>0,AO12<>0),AO12/AN12,'M04'!V11)) | AS12: =IFERROR(AR12/AQ12,0) | AT12: =-'M04'!S11 | AU12: =AO12+AR12-AX12 | AV12: =IFERROR(AU12/AT12,0) | AW12: ='M04'!T11 | AX12: ='M04'!U11 | AY12: =IFERROR(AX12/AW12,0) | AZ12: ='M05'!E11 | BA12: ='M05'!F11 | BB12: =IFERROR(BA12/AZ12,0) | BC12: ='M05'!M11 | BD12: =IF('M05'!AG11>0,'M05'!AG11+MAX(0,BC12-'M05'!H11)*IF(AND(AZ12<>0,BA12<>0),BA12/AZ12,'M05'!V11),BC12*IF(AND(AZ12<>0,BA12<>0),BA12/AZ12,'M05'!V11)) | BE12: =IFERROR(BD12/BC12,0) | BF12: =-'M05'!S11 | BG12: =BA12+BD12-BJ12 | BH12: =IFERROR(BG12/BF12,0) | BI12: ='M05'!T11 | BJ12: ='M05'!U11 | BK12: =IFERROR(BJ12/BI12,0) | BL12: ='M06'!E11 | BM12: ='M06'!F11 | BN12: =IFERROR(BM12/BL12,0) | BO12: ='M06'!M11 | BP12: =IF('M06'!AG11>0,'M06'!AG11+MAX(0,BO12-'M06'!H11)*IF(AND(BL12<>0,BM12<>0),BM12/BL12,'M06'!V11),BO12*IF(AND(BL12<>0,BM12<>0),BM12/BL12,'M06'!V11)) | BQ12: =IFERROR(BP12/BO12,0) | BR12: =-'M06'!S11 | BS12: =BM12+BP12-BV12 | BT12: =IFERROR(BS12/BR12,0) | BU12: ='M06'!T11 | BV12: ='M06'!U11 | BW12: =IFERROR(BV12/BU12,0) | BX12: ='M07'!E11 | BY12: ='M07'!F11 | BZ12: =IFERROR(BY12/BX12,0) | CA12: ='M07'!M11 | CB12: =IF('M07'!AG11>0,'M07'!AG11+MAX(0,CA12-'M07'!H11)*IF(AND(BX12<>0,BY12<>0),BY12/BX12,'M07'!V11),CA12*IF(AND(BX12<>0,BY12<>0),BY12/BX12,'M07'!V11)) | CC12: =IFERROR(CB12/CA12,0) | CD12: =-'M07'!S11 | CE12: =BY12+CB12-CH12 | CF12: =IFERROR(CE12/CD12,0) | CG12: ='M07'!T11 | CH12: ='M07'!U11 | CI12: =IFERROR(CH12/CG12,0) | CJ12: ='M08'!E11 | CK12: ='M08'!F11 | CL12: =IFERROR(CK12/CJ12,0) | CM12: ='M08'!M11 | CN12: =IF('M08'!AG11>0,'M08'!AG11+MAX(0,CM12-'M08'!H11)*IF(AND(CJ12<>0,CK12<>0),CK12/CJ12,'M08'!V11),CM12*IF(AND(CJ12<>0,CK12<>0),CK12/CJ12,'M08'!V11)) | CO12: =IFERROR(CN12/CM12,0) | CP12: =-'M08'!S11 | CQ12: =CK12+CN12-CT12 | CR12: =IFERROR(CQ12/CP12,0) | CS12: ='M08'!T11 | CT12: ='M08'!U11 | CU12: =IFERROR(CT12/CS12,0) | CV12: ='M09'!E11 | CW12: ='M09'!F11 | CX12: =IFERROR(CW12/CV12,0) | CY12: ='M09'!M11 | CZ12: =IF('M09'!AG11>0,'M09'!AG11+MAX(0,CY12-'M09'!H11)*IF(AND(CV12<>0,CW12<>0),CW12/CV12,'M09'!V11),CY12*IF(AND(CV12<>0,CW12<>0),CW12/CV12,'M09'!V11)) | DA12: =IFERROR(CZ12/CY12,0) | DB12: =-'M09'!S11 | DC12: =CW12+CZ12-DF12 | DD12: =IFERROR(DC12/DB12,0) | DE12: ='M09'!T11 | DF12: ='M09'!U11 | DG12: =IFERROR(DF12/DE12,0) | DH12: =SUM(J12,V12,AH12,AT12,BF12,BR12,CD12,CP12,DB12) | DI12: =SUM(K12,W12,AI12,AU12,BG12,BS12,CE12,CQ12,DC12) | DJ12: =DH12/9 | DK12: =DI12/9 | DL12: =IFERROR(DI12/DH12,0) | DM12: ='M09'!V11 | DN12: =IFERROR(DL12/DM12-1,0) | DO12: ='M09'!AD11 | DP12: =DJ12-DO12 | DQ12: =COUNTIF(J12,">0")+COUNTIF(V12,">0")+COUNTIF(AH12,">0")+COUNTIF(AT12,">0")+COUNTIF(BF12,">0")+COUNTIF(BR12,">0")+COUNTIF(CD12,">0")+COUNTIF(CP12,">0")+COUNTIF(DB12,">0") | DR12: =DE12 | DS12: =IFERROR(DR12/DJ12,0) | DT12: =D12+SUM(G12,S12,AE12,AQ12,BC12,BO12,CA12,CM12,CY12)-SUM(J12,V12,AH12,AT12,BF12,BR12,CD12,CP12,DB12)-DE12
A13: ='M01'!C12 | B13: ='M01'!D12 | C13: ='M01'!A12 | D13: ='M01'!E12 | E13: ='M01'!F12 | F13: =IFERROR(E13/D13,0) | G13: ='M01'!M12 | H13: =IF('M01'!AG12>0,'M01'!AG12+MAX(0,G13-'M01'!H12)*IF(AND(D13<>0,E13<>0),E13/D13,'M01'!V12),G13*IF(AND(D13<>0,E13<>0),E13/D13,'M01'!V12)) | I13: =IFERROR(H13/G13,0) | J13: =-'M01'!S12 | K13: =E13+H13-N13 | L13: =IFERROR(K13/J13,0) | M13: ='M01'!T12 | N13: ='M01'!U12 | O13: =IFERROR(N13/M13,0) | P13: ='M02'!E12 | Q13: ='M02'!F12 | R13: =IFERROR(Q13/P13,0) | S13: ='M02'!M12 | T13: =IF('M02'!AG12>0,'M02'!AG12+MAX(0,S13-'M02'!H12)*IF(AND(P13<>0,Q13<>0),Q13/P13,'M02'!V12),S13*IF(AND(P13<>0,Q13<>0),Q13/P13,'M02'!V12)) | U13: =IFERROR(T13/S13,0) | V13: =-'M02'!S12 | W13: =Q13+T13-Z13 | X13: =IFERROR(W13/V13,0) | Y13: ='M02'!T12 | Z13: ='M02'!U12 | AA13: =IFERROR(Z13/Y13,0) | AB13: ='M03'!E12 | AC13: ='M03'!F12 | AD13: =IFERROR(AC13/AB13,0) | AE13: ='M03'!M12 | AF13: =IF('M03'!AG12>0,'M03'!AG12+MAX(0,AE13-'M03'!H12)*IF(AND(AB13<>0,AC13<>0),AC13/AB13,'M03'!V12),AE13*IF(AND(AB13<>0,AC13<>0),AC13/AB13,'M03'!V12)) | AG13: =IFERROR(AF13/AE13,0) | AH13: =-'M03'!S12 | AI13: =AC13+AF13-AL13 | AJ13: =IFERROR(AI13/AH13,0) | AK13: ='M03'!T12 | AL13: ='M03'!U12 | AM13: =IFERROR(AL13/AK13,0) | AN13: ='M04'!E12 | AO13: ='M04'!F12 | AP13: =IFERROR(AO13/AN13,0) | AQ13: ='M04'!M12 | AR13: =IF('M04'!AG12>0,'M04'!AG12+MAX(0,AQ13-'M04'!H12)*IF(AND(AN13<>0,AO13<>0),AO13/AN13,'M04'!V12),AQ13*IF(AND(AN13<>0,AO13<>0),AO13/AN13,'M04'!V12)) | AS13: =IFERROR(AR13/AQ13,0) | AT13: =-'M04'!S12 | AU13: =AO13+AR13-AX13 | AV13: =IFERROR(AU13/AT13,0) | AW13: ='M04'!T12 | AX13: ='M04'!U12 | AY13: =IFERROR(AX13/AW13,0) | AZ13: ='M05'!E12 | BA13: ='M05'!F12 | BB13: =IFERROR(BA13/AZ13,0) | BC13: ='M05'!M12 | BD13: =IF('M05'!AG12>0,'M05'!AG12+MAX(0,BC13-'M05'!H12)*IF(AND(AZ13<>0,BA13<>0),BA13/AZ13,'M05'!V12),BC13*IF(AND(AZ13<>0,BA13<>0),BA13/AZ13,'M05'!V12)) | BE13: =IFERROR(BD13/BC13,0) | BF13: =-'M05'!S12 | BG13: =BA13+BD13-BJ13 | BH13: =IFERROR(BG13/BF13,0) | BI13: ='M05'!T12 | BJ13: ='M05'!U12 | BK13: =IFERROR(BJ13/BI13,0) | BL13: ='M06'!E12 | BM13: ='M06'!F12 | BN13: =IFERROR(BM13/BL13,0) | BO13: ='M06'!M12 | BP13: =IF('M06'!AG12>0,'M06'!AG12+MAX(0,BO13-'M06'!H12)*IF(AND(BL13<>0,BM13<>0),BM13/BL13,'M06'!V12),BO13*IF(AND(BL13<>0,BM13<>0),BM13/BL13,'M06'!V12)) | BQ13: =IFERROR(BP13/BO13,0) | BR13: =-'M06'!S12 | BS13: =BM13+BP13-BV13 | BT13: =IFERROR(BS13/BR13,0) | BU13: ='M06'!T12 | BV13: ='M06'!U12 | BW13: =IFERROR(BV13/BU13,0) | BX13: ='M07'!E12 | BY13: ='M07'!F12 | BZ13: =IFERROR(BY13/BX13,0) | CA13: ='M07'!M12 | CB13: =IF('M07'!AG12>0,'M07'!AG12+MAX(0,CA13-'M07'!H12)*IF(AND(BX13<>0,BY13<>0),BY13/BX13,'M07'!V12),CA13*IF(AND(BX13<>0,BY13<>0),BY13/BX13,'M07'!V12)) | CC13: =IFERROR(CB13/CA13,0) | CD13: =-'M07'!S12 | CE13: =BY13+CB13-CH13 | CF13: =IFERROR(CE13/CD13,0) | CG13: ='M07'!T12 | CH13: ='M07'!U12 | CI13: =IFERROR(CH13/CG13,0) | CJ13: ='M08'!E12 | CK13: ='M08'!F12 | CL13: =IFERROR(CK13/CJ13,0) | CM13: ='M08'!M12 | CN13: =IF('M08'!AG12>0,'M08'!AG12+MAX(0,CM13-'M08'!H12)*IF(AND(CJ13<>0,CK13<>0),CK13/CJ13,'M08'!V12),CM13*IF(AND(CJ13<>0,CK13<>0),CK13/CJ13,'M08'!V12)) | CO13: =IFERROR(CN13/CM13,0) | CP13: =-'M08'!S12 | CQ13: =CK13+CN13-CT13 | CR13: =IFERROR(CQ13/CP13,0) | CS13: ='M08'!T12 | CT13: ='M08'!U12 | CU13: =IFERROR(CT13/CS13,0) | CV13: ='M09'!E12 | CW13: ='M09'!F12 | CX13: =IFERROR(CW13/CV13,0) | CY13: ='M09'!M12 | CZ13: =IF('M09'!AG12>0,'M09'!AG12+MAX(0,CY13-'M09'!H12)*IF(AND(CV13<>0,CW13<>0),CW13/CV13,'M09'!V12),CY13*IF(AND(CV13<>0,CW13<>0),CW13/CV13,'M09'!V12)) | DA13: =IFERROR(CZ13/CY13,0) | DB13: =-'M09'!S12 | DC13: =CW13+CZ13-DF13 | DD13: =IFERROR(DC13/DB13,0) | DE13: ='M09'!T12 | DF13: ='M09'!U12 | DG13: =IFERROR(DF13/DE13,0) | DH13: =SUM(J13,V13,AH13,AT13,BF13,BR13,CD13,CP13,DB13) | DI13: =SUM(K13,W13,AI13,AU13,BG13,BS13,CE13,CQ13,DC13) | DJ13: =DH13/9 | DK13: =DI13/9 | DL13: =IFERROR(DI13/DH13,0) | DM13: ='M09'!V12 | DN13: =IFERROR(DL13/DM13-1,0) | DO13: ='M09'!AD12 | DP13: =DJ13-DO13 | DQ13: =COUNTIF(J13,">0")+COUNTIF(V13,">0")+COUNTIF(AH13,">0")+COUNTIF(AT13,">0")+COUNTIF(BF13,">0")+COUNTIF(BR13,">0")+COUNTIF(CD13,">0")+COUNTIF(CP13,">0")+COUNTIF(DB13,">0") | DR13: =DE13 | DS13: =IFERROR(DR13/DJ13,0) | DT13: =D13+SUM(G13,S13,AE13,AQ13,BC13,BO13,CA13,CM13,CY13)-SUM(J13,V13,AH13,AT13,BF13,BR13,CD13,CP13,DB13)-DE13
A14: ='M01'!C13 | B14: ='M01'!D13 | C14: ='M01'!A13 | D14: ='M01'!E13 | E14: ='M01'!F13 | F14: =IFERROR(E14/D14,0) | G14: ='M01'!M13 | H14: =IF('M01'!AG13>0,'M01'!AG13+MAX(0,G14-'M01'!H13)*IF(AND(D14<>0,E14<>0),E14/D14,'M01'!V13),G14*IF(AND(D14<>0,E14<>0),E14/D14,'M01'!V13)) | I14: =IFERROR(H14/G14,0) | J14: =-'M01'!S13 | K14: =E14+H14-N14 | L14: =IFERROR(K14/J14,0) | M14: ='M01'!T13 | N14: ='M01'!U13 | O14: =IFERROR(N14/M14,0) | P14: ='M02'!E13 | Q14: ='M02'!F13 | R14: =IFERROR(Q14/P14,0) | S14: ='M02'!M13 | T14: =IF('M02'!AG13>0,'M02'!AG13+MAX(0,S14-'M02'!H13)*IF(AND(P14<>0,Q14<>0),Q14/P14,'M02'!V13),S14*IF(AND(P14<>0,Q14<>0),Q14/P14,'M02'!V13)) | U14: =IFERROR(T14/S14,0) | V14: =-'M02'!S13 | W14: =Q14+T14-Z14 | X14: =IFERROR(W14/V14,0) | Y14: ='M02'!T13 | Z14: ='M02'!U13 | AA14: =IFERROR(Z14/Y14,0) | AB14: ='M03'!E13 | AC14: ='M03'!F13 | AD14: =IFERROR(AC14/AB14,0) | AE14: ='M03'!M13 | AF14: =IF('M03'!AG13>0,'M03'!AG13+MAX(0,AE14-'M03'!H13)*IF(AND(AB14<>0,AC14<>0),AC14/AB14,'M03'!V13),AE14*IF(AND(AB14<>0,AC14<>0),AC14/AB14,'M03'!V13)) | AG14: =IFERROR(AF14/AE14,0) | AH14: =-'M03'!S13 | AI14: =AC14+AF14-AL14 | AJ14: =IFERROR(AI14/AH14,0) | AK14: ='M03'!T13 | AL14: ='M03'!U13 | AM14: =IFERROR(AL14/AK14,0) | AN14: ='M04'!E13 | AO14: ='M04'!F13 | AP14: =IFERROR(AO14/AN14,0) | AQ14: ='M04'!M13 | AR14: =IF('M04'!AG13>0,'M04'!AG13+MAX(0,AQ14-'M04'!H13)*IF(AND(AN14<>0,AO14<>0),AO14/AN14,'M04'!V13),AQ14*IF(AND(AN14<>0,AO14<>0),AO14/AN14,'M04'!V13)) | AS14: =IFERROR(AR14/AQ14,0) | AT14: =-'M04'!S13 | AU14: =AO14+AR14-AX14 | AV14: =IFERROR(AU14/AT14,0) | AW14: ='M04'!T13 | AX14: ='M04'!U13 | AY14: =IFERROR(AX14/AW14,0) | AZ14: ='M05'!E13 | BA14: ='M05'!F13 | BB14: =IFERROR(BA14/AZ14,0) | BC14: ='M05'!M13 | BD14: =IF('M05'!AG13>0,'M05'!AG13+MAX(0,BC14-'M05'!H13)*IF(AND(AZ14<>0,BA14<>0),BA14/AZ14,'M05'!V13),BC14*IF(AND(AZ14<>0,BA14<>0),BA14/AZ14,'M05'!V13)) | BE14: =IFERROR(BD14/BC14,0) | BF14: =-'M05'!S13 | BG14: =BA14+BD14-BJ14 | BH14: =IFERROR(BG14/BF14,0) | BI14: ='M05'!T13 | BJ14: ='M05'!U13 | BK14: =IFERROR(BJ14/BI14,0) | BL14: ='M06'!E13 | BM14: ='M06'!F13 | BN14: =IFERROR(BM14/BL14,0) | BO14: ='M06'!M13 | BP14: =IF('M06'!AG13>0,'M06'!AG13+MAX(0,BO14-'M06'!H13)*IF(AND(BL14<>0,BM14<>0),BM14/BL14,'M06'!V13),BO14*IF(AND(BL14<>0,BM14<>0),BM14/BL14,'M06'!V13)) | BQ14: =IFERROR(BP14/BO14,0) | BR14: =-'M06'!S13 | BS14: =BM14+BP14-BV14 | BT14: =IFERROR(BS14/BR14,0) | BU14: ='M06'!T13 | BV14: ='M06'!U13 | BW14: =IFERROR(BV14/BU14,0) | BX14: ='M07'!E13 | BY14: ='M07'!F13 | BZ14: =IFERROR(BY14/BX14,0) | CA14: ='M07'!M13 | CB14: =IF('M07'!AG13>0,'M07'!AG13+MAX(0,CA14-'M07'!H13)*IF(AND(BX14<>0,BY14<>0),BY14/BX14,'M07'!V13),CA14*IF(AND(BX14<>0,BY14<>0),BY14/BX14,'M07'!V13)) | CC14: =IFERROR(CB14/CA14,0) | CD14: =-'M07'!S13 | CE14: =BY14+CB14-CH14 | CF14: =IFERROR(CE14/CD14,0) | CG14: ='M07'!T13 | CH14: ='M07'!U13 | CI14: =IFERROR(CH14/CG14,0) | CJ14: ='M08'!E13 | CK14: ='M08'!F13 | CL14: =IFERROR(CK14/CJ14,0) | CM14: ='M08'!M13 | CN14: =IF('M08'!AG13>0,'M08'!AG13+MAX(0,CM14-'M08'!H13)*IF(AND(CJ14<>0,CK14<>0),CK14/CJ14,'M08'!V13),CM14*IF(AND(CJ14<>0,CK14<>0),CK14/CJ14,'M08'!V13)) | CO14: =IFERROR(CN14/CM14,0) | CP14: =-'M08'!S13 | CQ14: =CK14+CN14-CT14 | CR14: =IFERROR(CQ14/CP14,0) | CS14: ='M08'!T13 | CT14: ='M08'!U13 | CU14: =IFERROR(CT14/CS14,0) | CV14: ='M09'!E13 | CW14: ='M09'!F13 | CX14: =IFERROR(CW14/CV14,0) | CY14: ='M09'!M13 | CZ14: =IF('M09'!AG13>0,'M09'!AG13+MAX(0,CY14-'M09'!H13)*IF(AND(CV14<>0,CW14<>0),CW14/CV14,'M09'!V13),CY14*IF(AND(CV14<>0,CW14<>0),CW14/CV14,'M09'!V13)) | DA14: =IFERROR(CZ14/CY14,0) | DB14: =-'M09'!S13 | DC14: =CW14+CZ14-DF14 | DD14: =IFERROR(DC14/DB14,0) | DE14: ='M09'!T13 | DF14: ='M09'!U13 | DG14: =IFERROR(DF14/DE14,0) | DH14: =SUM(J14,V14,AH14,AT14,BF14,BR14,CD14,CP14,DB14) | DI14: =SUM(K14,W14,AI14,AU14,BG14,BS14,CE14,CQ14,DC14) | DJ14: =DH14/9 | DK14: =DI14/9 | DL14: =IFERROR(DI14/DH14,0) | DM14: ='M09'!V13 | DN14: =IFERROR(DL14/DM14-1,0) | DO14: ='M09'!AD13 | DP14: =DJ14-DO14 | DQ14: =COUNTIF(J14,">0")+COUNTIF(V14,">0")+COUNTIF(AH14,">0")+COUNTIF(AT14,">0")+COUNTIF(BF14,">0")+COUNTIF(BR14,">0")+COUNTIF(CD14,">0")+COUNTIF(CP14,">0")+COUNTIF(DB14,">0") | DR14: =DE14 | DS14: =IFERROR(DR14/DJ14,0) | DT14: =D14+SUM(G14,S14,AE14,AQ14,BC14,BO14,CA14,CM14,CY14)-SUM(J14,V14,AH14,AT14,BF14,BR14,CD14,CP14,DB14)-DE14
... A564: ='M01'!C563 | B564: ='M01'!D563 | C564: ='M01'!A563 | D564: ='M01'!E563 | E564: ='M01'!F563 | F564: =IFERROR(E564/D564,0) | G564: ='M01'!M563 | H564: =IF('M01'!AG563>0,'M01'!AG563+MAX(0,G564-'M01'!H563)*IF(AND(D564<>0,E564<>0),E564/D564,'M01'!V563),G564*IF(AND(D564<>0,E564<>0),E564/D564,'M01'!V563)) | I564: =IFERROR(H564/G564,0) | J564: =-'M01'!S563 | K564: =E564+H564-N564 | L564: =IFERROR(K564/J564,0) | M564: ='M01'!T563 | N564: ='M01'!U563 | O564: =IFERROR(N564/M564,0) | P564: ='M02'!E563 | Q564: ='M02'!F563 | R564: =IFERROR(Q564/P564,0) | S564: ='M02'!M563 | T564: =IF('M02'!AG563>0,'M02'!AG563+MAX(0,S564-'M02'!H563)*IF(AND(P564<>0,Q564<>0),Q564/P564,'M02'!V563),S564*IF(AND(P564<>0,Q564<>0),Q564/P564,'M02'!V563)) | U564: =IFERROR(T564/S564,0) | V564: =-'M02'!S563 | W564: =Q564+T564-Z564 | X564: =IFERROR(W564/V564,0) | Y564: ='M02'!T563 | Z564: ='M02'!U563 | AA564: =IFERROR(Z564/Y564,0) | AB564: ='M03'!E563 | AC564: ='M03'!F563 | AD564: =IFERROR(AC564/AB564,0) | AE564: ='M03'!M563 | AF564: =IF('M03'!AG563>0,'M03'!AG563+MAX(0,AE564-'M03'!H563)*IF(AND(AB564<>0,AC564<>0),AC564/AB564,'M03'!V563),AE564*IF(AND(AB564<>0,AC564<>0),AC564/AB564,'M03'!V563)) | AG564: =IFERROR(AF564/AE564,0) | AH564: =-'M03'!S563 | AI564: =AC564+AF564-AL564 | AJ564: =IFERROR(AI564/AH564,0) | AK564: ='M03'!T563 | AL564: ='M03'!U563 | AM564: =IFERROR(AL564/AK564,0) | AN564: ='M04'!E563 | AO564: ='M04'!F563 | AP564: =IFERROR(AO564/AN564,0) | AQ564: ='M04'!M563 | AR564: =IF('M04'!AG563>0,'M04'!AG563+MAX(0,AQ564-'M04'!H563)*IF(AND(AN564<>0,AO564<>0),AO564/AN564,'M04'!V563),AQ564*IF(AND(AN564<>0,AO564<>0),AO564/AN564,'M04'!V563)) | AS564: =IFERROR(AR564/AQ564,0) | AT564: =-'M04'!S563 | AU564: =AO564+AR564-AX564 | AV564: =IFERROR(AU564/AT564,0) | AW564: ='M04'!T563 | AX564: ='M04'!U563 | AY564: =IFERROR(AX564/AW564,0) | AZ564: ='M05'!E563 | BA564: ='M05'!F563 | BB564: =IFERROR(BA564/AZ564,0) | BC564: ='M05'!M563 | BD564: =IF('M05'!AG563>0,'M05'!AG563+MAX(0,BC564-'M05'!H563)*IF(AND(AZ564<>0,BA564<>0),BA564/AZ564,'M05'!V563),BC564*IF(AND(AZ564<>0,BA564<>0),BA564/AZ564,'M05'!V563)) | BE564: =IFERROR(BD564/BC564,0) | BF564: =-'M05'!S563 | BG564: =BA564+BD564-BJ564 | BH564: =IFERROR(BG564/BF564,0) | BI564: ='M05'!T563 | BJ564: ='M05'!U563 | BK564: =IFERROR(BJ564/BI564,0) | BL564: ='M06'!E563 | BM564: ='M06'!F563 | BN564: =IFERROR(BM564/BL564,0) | BO564: ='M06'!M563 | BP564: =IF('M06'!AG563>0,'M06'!AG563+MAX(0,BO564-'M06'!H563)*IF(AND(BL564<>0,BM564<>0),BM564/BL564,'M06'!V563),BO564*IF(AND(BL564<>0,BM564<>0),BM564/BL564,'M06'!V563)) | BQ564: =IFERROR(BP564/BO564,0) | BR564: =-'M06'!S563 | BS564: =BM564+BP564-BV564 | BT564: =IFERROR(BS564/BR564,0) | BU564: ='M06'!T563 | BV564: ='M06'!U563 | BW564: =IFERROR(BV564/BU564,0) | BX564: ='M07'!E563 | BY564: ='M07'!F563 | BZ564: =IFERROR(BY564/BX564,0) | CA564: ='M07'!M563 | CB564: =IF('M07'!AG563>0,'M07'!AG563+MAX(0,CA564-'M07'!H563)*IF(AND(BX564<>0,BY564<>0),BY564/BX564,'M07'!V563),CA564*IF(AND(BX564<>0,BY564<>0),BY564/BX564,'M07'!V563)) | CC564: =IFERROR(CB564/CA564,0) | CD564: =-'M07'!S563 | CE564: =BY564+CB564-CH564 | CF564: =IFERROR(CE564/CD564,0) | CG564: ='M07'!T563 | CH564: ='M07'!U563 | CI564: =IFERROR(CH564/CG564,0) | CJ564: ='M08'!E563 | CK564: ='M08'!F563 | CL564: =IFERROR(CK564/CJ564,0) | CM564: ='M08'!M563 | CN564: =IF('M08'!AG563>0,'M08'!AG563+MAX(0,CM564-'M08'!H563)*IF(AND(CJ564<>0,CK564<>0),CK564/CJ564,'M08'!V563),CM564*IF(AND(CJ564<>0,CK564<>0),CK564/CJ564,'M08'!V563)) | CO564: =IFERROR(CN564/CM564,0) | CP564: =-'M08'!S563 | CQ564: =CK564+CN564-CT564 | CR564: =IFERROR(CQ564/CP564,0) | CS564: ='M08'!T563 | CT564: ='M08'!U563 | CU564: =IFERROR(CT564/CS564,0) | CV564: ='M09'!E563 | CW564: ='M09'!F563 | CX564: =IFERROR(CW564/CV564,0) | CY564: ='M09'!M563 | CZ564: =IF('M09'!AG563>0,'M09'!AG563+MAX(0,CY564-'M09'!H563)*IF(AND(CV564<>0,CW564<>0),CW564/CV564,'M09'!V563),CY564*IF(AND(CV564<>0,CW564<>0),CW564/CV564,'M09'!V563)) | DA564: =IFERROR(CZ564/CY564,0) | DB564: =-'M09'!S563 | DC564: =CW564+CZ564-DF564 | DD564: =IFERROR(DC564/DB564,0) | DE564: ='M09'!T563 | DF564: ='M09'!U563 | DG564: =IFERROR(DF564/DE564,0) | DH564: =SUM(J564,V564,AH564,AT564,BF564,BR564,CD564,CP564,DB564) | DI564: =SUM(K564,W564,AI564,AU564,BG564,BS564,CE564,CQ564,DC564) | DJ564: =DH564/9 | DK564: =DI564/9 | DL564: =IFERROR(DI564/DH564,0) | DM564: ='M09'!V563 | DN564: =IFERROR(DL564/DM564-1,0) | DO564: ='M09'!AD563 | DP564: =DJ564-DO564 | DQ564: =COUNTIF(J564,">0")+COUNTIF(V564,">0")+COUNTIF(AH564,">0")+COUNTIF(AT564,">0")+COUNTIF(BF564,">0")+COUNTIF(BR564,">0")+COUNTIF(CD564,">0")+COUNTIF(CP564,">0")+COUNTIF(DB564,">0") | DR564: =DE564 | DS564: =IFERROR(DR564/DJ564,0) | DT564: =D564+SUM(G564,S564,AE564,AQ564,BC564,BO564,CA564,CM564,CY564)-SUM(J564,V564,AH564,AT564,BF564,BR564,CD564,CP564,DB564)-DE564

Sheet Summary
A1: الفئة الفرعية SubCateg | B1: عدد المواد Items | C1: عدد المواد التي لها إخراج Items with Out Movement | D1: إجمالي كمية الإخراج 9 أشهر Total Out Qty 9M | E1: إجمالي كلفة الإخراج 9 أشهر Total Out Cost 9M | F1: متوسط كلفة الاستهلاك الشهري Avg Monthly Out Cost | G1: حصة من إجمالي كلفة الإخراج % Share of Total Out Cost % | H1: مجموع التدقيق (يجب أن يكون 0) Sum of Check
A2: ADTV | B2: =COUNTIF(Model!$C$3:$C$564,A2) | C2: =COUNTIFS(Model!$C$3:$C$564,A2,Model!$DQ$3:$DQ$564,">0") | D2: =SUMIF(Model!$C$3:$C$564,A2,Model!$DH$3:$DH$564) | E2: =SUMIF(Model!$C$3:$C$564,A2,Model!$DI$3:$DI$564) | F2: =SUMIF(Model!$C$3:$C$564,A2,Model!$DK$3:$DK$564) | G2: =IFERROR(E2/$E$24,0) | H2: =SUMIF(Model!$C$3:$C$564,A2,Model!$DT$3:$DT$564)
A3: ASWT | B3: =COUNTIF(Model!$C$3:$C$564,A3) | C3: =COUNTIFS(Model!$C$3:$C$564,A3,Model!$DQ$3:$DQ$564,">0") | D3: =SUMIF(Model!$C$3:$C$564,A3,Model!$DH$3:$DH$564) | E3: =SUMIF(Model!$C$3:$C$564,A3,Model!$DI$3:$DI$564) | F3: =SUMIF(Model!$C$3:$C$564,A3,Model!$DK$3:$DK$564) | G3: =IFERROR(E3/$E$24,0) | H3: =SUMIF(Model!$C$3:$C$564,A3,Model!$DT$3:$DT$564)
A4: BIS | B4: =COUNTIF(Model!$C$3:$C$564,A4) | C4: =COUNTIFS(Model!$C$3:$C$564,A4,Model!$DQ$3:$DQ$564,">0") | D4: =SUMIF(Model!$C$3:$C$564,A4,Model!$DH$3:$DH$564) | E4: =SUMIF(Model!$C$3:$C$564,A4,Model!$DI$3:$DI$564) | F4: =SUMIF(Model!$C$3:$C$564,A4,Model!$DK$3:$DK$564) | G4: =IFERROR(E4/$E$24,0) | H4: =SUMIF(Model!$C$3:$C$564,A4,Model!$DT$3:$DT$564)
A5: BTQ | B5: =COUNTIF(Model!$C$3:$C$564,A5) | C5: =COUNTIFS(Model!$C$3:$C$564,A5,Model!$DQ$3:$DQ$564,">0") | D5: =SUMIF(Model!$C$3:$C$564,A5,Model!$DH$3:$DH$564) | E5: =SUMIF(Model!$C$3:$C$564,A5,Model!$DI$3:$DI$564) | F5: =SUMIF(Model!$C$3:$C$564,A5,Model!$DK$3:$DK$564) | G5: =IFERROR(E5/$E$24,0) | H5: =SUMIF(Model!$C$3:$C$564,A5,Model!$DT$3:$DT$564)
A6: CAC | B6: =COUNTIF(Model!$C$3:$C$564,A6) | C6: =COUNTIFS(Model!$C$3:$C$564,A6,Model!$DQ$3:$DQ$564,">0") | D6: =SUMIF(Model!$C$3:$C$564,A6,Model!$DH$3:$DH$564) | E6: =SUMIF(Model!$C$3:$C$564,A6,Model!$DI$3:$DI$564) | F6: =SUMIF(Model!$C$3:$C$564,A6,Model!$DK$3:$DK$564) | G6: =IFERROR(E6/$E$24,0) | H6: =SUMIF(Model!$C$3:$C$564,A6,Model!$DT$3:$DT$564)
A7: CAL | B7: =COUNTIF(Model!$C$3:$C$564,A7) | C7: =COUNTIFS(Model!$C$3:$C$564,A7,Model!$DQ$3:$DQ$564,">0") | D7: =SUMIF(Model!$C$3:$C$564,A7,Model!$DH$3:$DH$564) | E7: =SUMIF(Model!$C$3:$C$564,A7,Model!$DI$3:$DI$564) | F7: =SUMIF(Model!$C$3:$C$564,A7,Model!$DK$3:$DK$564) | G7: =IFERROR(E7/$E$24,0) | H7: =SUMIF(Model!$C$3:$C$564,A7,Model!$DT$3:$DT$564)
A8: CAN | B8: =COUNTIF(Model!$C$3:$C$564,A8) | C8: =COUNTIFS(Model!$C$3:$C$564,A8,Model!$DQ$3:$DQ$564,">0") | D8: =SUMIF(Model!$C$3:$C$564,A8,Model!$DH$3:$DH$564) | E8: =SUMIF(Model!$C$3:$C$564,A8,Model!$DI$3:$DI$564) | F8: =SUMIF(Model!$C$3:$C$564,A8,Model!$DK$3:$DK$564) | G8: =IFERROR(E8/$E$24,0) | H8: =SUMIF(Model!$C$3:$C$564,A8,Model!$DT$3:$DT$564)
A9: CLR | B9: =COUNTIF(Model!$C$3:$C$564,A9) | C9: =COUNTIFS(Model!$C$3:$C$564,A9,Model!$DQ$3:$DQ$564,">0") | D9: =SUMIF(Model!$C$3:$C$564,A9,Model!$DH$3:$DH$564) | E9: =SUMIF(Model!$C$3:$C$564,A9,Model!$DI$3:$DI$564) | F9: =SUMIF(Model!$C$3:$C$564,A9,Model!$DK$3:$DK$564) | G9: =IFERROR(E9/$E$24,0) | H9: =SUMIF(Model!$C$3:$C$564,A9,Model!$DT$3:$DT$564)
A10: FAT | B10: =COUNTIF(Model!$C$3:$C$564,A10) | C10: =COUNTIFS(Model!$C$3:$C$564,A10,Model!$DQ$3:$DQ$564,">0") | D10: =SUMIF(Model!$C$3:$C$564,A10,Model!$DH$3:$DH$564) | E10: =SUMIF(Model!$C$3:$C$564,A10,Model!$DI$3:$DI$564) | F10: =SUMIF(Model!$C$3:$C$564,A10,Model!$DK$3:$DK$564) | G10: =IFERROR(E10/$E$24,0) | H10: =SUMIF(Model!$C$3:$C$564,A10,Model!$DT$3:$DT$564)
A11: FLD | B11: =COUNTIF(Model!$C$3:$C$564,A11) | C11: =COUNTIFS(Model!$C$3:$C$564,A11,Model!$DQ$3:$DQ$564,">0") | D11: =SUMIF(Model!$C$3:$C$564,A11,Model!$DH$3:$DH$564) | E11: =SUMIF(Model!$C$3:$C$564,A11,Model!$DI$3:$DI$564) | F11: =SUMIF(Model!$C$3:$C$564,A11,Model!$DK$3:$DK$564) | G11: =IFERROR(E11/$E$24,0) | H11: =SUMIF(Model!$C$3:$C$564,A11,Model!$DT$3:$DT$564)
A12: FLV | B12: =COUNTIF(Model!$C$3:$C$564,A12) | C12: =COUNTIFS(Model!$C$3:$C$564,A12,Model!$DQ$3:$DQ$564,">0") | D12: =SUMIF(Model!$C$3:$C$564,A12,Model!$DH$3:$DH$564) | E12: =SUMIF(Model!$C$3:$C$564,A12,Model!$DI$3:$DI$564) | F12: =SUMIF(Model!$C$3:$C$564,A12,Model!$DK$3:$DK$564) | G12: =IFERROR(E12/$E$24,0) | H12: =SUMIF(Model!$C$3:$C$564,A12,Model!$DT$3:$DT$564)
A13: FRT | B13: =COUNTIF(Model!$C$3:$C$564,A13) | C13: =COUNTIFS(Model!$C$3:$C$564,A13,Model!$DQ$3:$DQ$564,">0") | D13: =SUMIF(Model!$C$3:$C$564,A13,Model!$DH$3:$DH$564) | E13: =SUMIF(Model!$C$3:$C$564,A13,Model!$DI$3:$DI$564) | F13: =SUMIF(Model!$C$3:$C$564,A13,Model!$DK$3:$DK$564) | G13: =IFERROR(E13/$E$24,0) | H13: =SUMIF(Model!$C$3:$C$564,A13,Model!$DT$3:$DT$564)
... A23: WSWT | B23: =COUNTIF(Model!$C$3:$C$564,A23) | C23: =COUNTIFS(Model!$C$3:$C$564,A23,Model!$DQ$3:$DQ$564,">0") | D23: =SUMIF(Model!$C$3:$C$564,A23,Model!$DH$3:$DH$564) | E23: =SUMIF(Model!$C$3:$C$564,A23,Model!$DI$3:$DI$564) | F23: =SUMIF(Model!$C$3:$C$564,A23,Model!$DK$3:$DK$564) | G23: =IFERROR(E23/$E$24,0) | H23: =SUMIF(Model!$C$3:$C$564,A23,Model!$DT$3:$DT$564)
A24: الإجمالي العام / Grand Total | B24: =SUM(B2:B23) | C24: =SUM(C2:C23) | D24: =SUM(D2:D23) | E24: =SUM(E2:E23) | F24: =SUM(F2:F23) | G24: =SUM(G2:G23) | H24: =SUM(H2:H23)

Sheet README
A1: العربية | B1: English
A2: نموذج الاستهلاك الشهري الفعلي للمواد الخام 2026 | B2: Raw-Material Actual Monthly Consumption Model 2026
A4: مصدر البيانات: تسعة ملفات حركة مخزون شهرية rm_1.xlsx .. rm_9.xlsx (562 مادة في كل ملف، نفس الترتيب). | B4: Source: nine monthly inventory-movement exports rm_1.xlsx .. rm_9.xlsx (562 items each, identical order).
A5: الأوراق M01..M09 هي نسخة حرفية من البيانات الأصلية (33 عموداً) ولا يجب تعديلها؛ كل خلايا ورقة Model وSummary صيغ تشير إليها. | B5: Sheets M01..M09 are verbatim copies of the raw data (33 columns); do not edit them. Every cell in Model and Summary is a live formula referencing them.
A6: تطابق الأشهر: M01 = كانون الثاني 2026، M02 = شباط، M03 = آذار، M04 = نيسان، M05 = أيار، M06 = حزيران، M07 = تموز، M08 = آب، M09 = أيلول 2026. | B6: Month mapping: M01 = Jan 2026, M02 = Feb, M03 = Mar, M04 = Apr, M05 = May, M06 = Jun, M07 = Jul, M08 = Aug, M09 = Sep 2026.
A8: قواعد الكلفة: | B8: Cost rules:
A9: كلفة وحدة البداية = IFERROR(OpenCost / OpenQty, 0) | B9: Open unit cost = IFERROR(OpenCost / OpenQty, 0)
A10: كلفة الإدخال = IF(Purchase Amount > 0, Purchase Amount + (TotalInQty − RecQty) × UC, TotalInQty × UC) حيث UC = كلفة الوحدة الافتتاحية OpenCost/OpenQty إن وُجد رصيد افتتاحي مقيَّم، وإلا ItemUnitCost المعيارية. أي: المشتريات بقيمة الشراء الفعلية، وباقي الإدخالات (تسويات AddQty، استلام إنتاج ProdRecQty، مرتجعات) بكلفة الوحدة الافتتاحية. | B10: InCost = IF(Purchase Amount > 0, Purchase Amount + (TotalInQty − RecQty) × UC, TotalInQty × UC), where UC = opening unit cost OpenCost/OpenQty when a valued opening balance exists, else the standard ItemUnitCost. I.e. purchases at actual purchase value; all other inflows (AddQty adjustments, ProdRecQty production receipts, returns) at the opening unit cost.
A11: تحذير: كلفة الإدخال غير الشرائي تقدير؛ النظام لا يصدّر قيمتها. وكلفة الإخراج رقم موازنة يمتص أيضاً أي إعادة تقييم أو تصحيح كلفة أجراه النظام في الشهر، لذلك قد تظهر كلفة إخراج سالبة أو كلفة بلا كمية في حالات نادرة (راجع تقرير التدقيق). | B11: Caveat: the cost of non-purchase inflows is an estimate; the system does not export it. OutCost is a balancing figure and therefore also absorbs any revaluation or cost correction the system booked in the month, so a negative OutCost, or a cost with zero quantity, can appear in rare cases (see the audit report).
A12: كلفة الإخراج = OpenCost + InCost − EndCost (رقم موازنة = الكلفة الفعلية بالمتوسط المتحرك لما خرج من المخزون). | B12: OutCost = OpenCost + InCost − EndCost (balancing figure = actual moving-average cost of what left stock).
A13: كلفة وحدة الإخراج = IFERROR(OutCost / OutQty, 0)؛ كلفة وحدة النهاية = IFERROR(EndCost / EndQty, 0). | B13: Out unit cost = IFERROR(OutCost / OutQty, 0); End unit cost = IFERROR(EndCost / EndQty, 0).
A15: ملاحظات: | B15: Notes:
... A23: الملف لا يحتوي قيماً محسوبة مخزنة؛ يحسب Excel كل الصيغ عند الفتح. | B23: The file stores no cached values; Excel calculates all formulas on open.

Sheet M01
A1: SubCateg | B1: Categ | C1: ItemNo | D1: ItemDesc | E1: OpenQty | F1: OpenCost | G1: StoreList | H1: RecQty | I1: RetSaleQty | J1: AddQty | K1: RetIssueQty | L1: ProdRecQty | M1: TotalInQty | N1: RetRecQty | O1: SaleQty | P1: SubQty | Q1: IssueQty | R1: WriteOffQty | S1: TotalOutQty | T1: EndQty | U1: EndCost | V1: ItemUnitCost | W1: ConsQty3M | X1: ConsQty6M | Y1: ConsQty9M | Z1: ConsQty12M | AA1: Last Purchase Date | AB1: Last Purchase Vendor | AC1: LastIssueSaleDate | AD1: ConsMonRate9 | AE1: ConsMonRate12 | AF1: Coverage Period | AG1: Purchase Amount
A2: ADTV | B2: RM | C2: RM.ADTV.00001 | D2: ليسيتين الصويا | E2: 23196.992 | F2: 22545.023 | G2: 112, 405, 9605, 409, 401, 108, 9112, 9408, 9409, 408, 9405, 499, 9405, 102, 403, 9409, 9408, 108, 103, 9108, 9403, 9401, 102, 9401, 9103, 9102, 405, 9112, 605, 9108, 701, 9402, 9403, 304, 101, 102, 103, 108, 107, 112, 306, 403, 304, 201, 402, 499, 408, 401, 301, 409, 402, 401, 409, 405, 9108, 403, 605, 701, 112, 107, 101, 201, 306, 301, 304, 499, 9103, 408, 9401, 9112, 9102, 9605, 9409, 9402, 9408, 9403, 9405 | H2: 0 | I2: 0 | J2: 0 | K2: 0 | L2: 0 | M2: 0 | N2: 0 | O2: 0 | P2: -0.2 | Q2: -7369.8337 | R2: 0 | S2: -7370.0337 | T2: 15826.959 | U2: 15387.53 | V2: 1.4901 | W2: 21060.495 | X2: 40921.19 | Y2: 65318.645 | Z2: 90300.561 | AA2: 45895 | AB2: ليسيتين .02/2025 | AC2: 46053 | AD2: 7257.6271 | AE2: 7525.0467 | AF2: 2:3 | AG2: 0
A3: ADTV | B3: RM | C3: RM.ADTV.00002 | D3: Lecithin L | V3: 0 | W3: 0 | X3: 0 | Y3: 0 | Z3: 0 | AA3: 2 | AC3: 2 | AD3: 0 | AE3: 0
A4: ADTV | B4: RM | C4: RM.ADTV.00003 | D4: SALT | E4: 494.7056 | F4: 82.8653 | G4: 9405, 9403, 9408, 9304, 9402, 9409, 9605, 9112, 9401, 408, 499, 801, 304, 203, 101, 112, 605, 403, 9108, 405, 409, 401, 402, 409, 401, 408, 499, 402, 203, 304, 403, 112, 108, 103, 101, 304, 9403, 9108, 9304, 605, 9112, 405, 9401, 9401, 801, 9403, 9108, 103, 108, 9408, 9409, 403, 9405, 499, 9405, 408, 9402, 9408, 9112, 108, 401, 409, 9605, 405, 112, 9409 | H4: 675 | I4: 0 | J4: 2 | K4: 0 | L4: 0 | M4: 677 | N4: 0 | O4: 0 | P4: -0.342 | Q4: -736.8321 | R4: 0 | S4: -737.1741 | T4: 434.5315 | U4: 72.6757 | V4: 0.17 | W4: 2044.9549 | X4: 3704.1439 | Y4: 5624.0571 | Z4: 7513.3357 | AA4: 46044 | AB4: شركة عيسى ابراهيم وشركاه | AC4: 46053 | AD4: 624.8952 | AE4: 626.1113 | AF4: 0:20 | AG4: 112.892
A5: ADTV | B5: RM | C5: RM.ADTV.00004 | D5: مستحلب للشوكولاته | E5: 8225.3707 | F5: 17252.993 | G5: 107, 201, 101, 9108, 9403, 104, 102, 306, 301, 112, 401, 402, 405, 605, 9402, 9401, 9112, 9605, 9108, 403, 408, 499, 9408, 9403, 9405, 401, 499, 408, 402, 301, 306, 403, 201, 102, 103, 108, 107, 101, 112, 104, 9408, 9605, 9402, 408, 9405, 9403, 108, 112, 9112, 102, 405, 499, 103, 9405, 108, 403, 9408, 9112, 405, 605, 9401, 9108 | H5: 0 | I5: 0 | J5: 0 | K5: 0 | L5: 0 | M5: 0 | N5: 0 | O5: 0 | P5: 0 | Q5: -3437.5534 | R5: 0 | S5: -3437.5534 | T5: 4787.8173 | U5: 10044.569 | V5: 1.8494 | W5: 10132.363 | X5: 20900.206 | Y5: 34488.988 | Z5: 47434.59 | AA5: 46000 | AB5: شركة وديع فينان وشركاه | AC5: 46053 | AD5: 3832.1097 | AE5: 3952.8825 | AF5: 1:6 | AG5: 0
A6: ADTV | B6: RM | C6: RM.ADTV.00005 | D6: Instant coffee type B20 | E6: 210.8948 | F6: 1563.5441 | G6: 112, 405, 409, 108, 9112, 9402, 9405, 499, 9405, 403, 108, 9108, 9403, 102, 9401, 405, 9112, 605, 9108, 9403, 101, 102, 108, 112, 403, 306, 402, 499, 401, 409, 402, 401, 405, 9108, 403, 605, 409, 112, 101, 306, 499, 9401, 9112, 9402, 9403, 9405 | H6: 350 | I6: 0 | J6: 0 | K6: 0 | L6: 0 | M6: 350 | N6: 0 | O6: 0 | P6: 0 | Q6: -293.8504 | R6: 0 | S6: -293.8504 | T6: 267.0444 | U6: 2169.4711 | V6: 8.3621 | W6: 593.8979 | X6: 814.8789 | Y6: 1431.2549 | Z6: 1654.6689 | AA6: 46044 | AB6: الشركة الوطنية للتجارة والتوزيع | AC6: 46053 | AD6: 159.0283 | AE6: 137.889 | AF6: 1:28 | AG6: 2784.491
A7: ADTV | B7: RM | C7: RM.ADTV.00006 | D7: Indian barley powder 25 KG | E7: 0 | F7: 0 | G7: 403, 403 | H7: 0 | I7: 0 | J7: 0 | K7: 0 | L7: 0 | M7: 0 | N7: 0 | O7: 0 | P7: 0 | Q7: 0 | R7: 0 | S7: 0 | T7: 0 | U7: 0 | V7: 2.598 | W7: 0 | X7: 0 | Y7: 0 | Z7: 0 | AA7: 2 | AC7: 2 | AD7: 0 | AE7: 0 | AG7: 0
A8: ADTV | B8: RM | C8: RM.ADTV.00007 | D8: Krystal Malt Dark 80 /25 kg | E8: 0 | F8: 0 | G8: 102, 101, 107, 401, 102, 101, 107, 304, 401, 304 | H8: 0 | I8: 0 | J8: 0 | K8: 0 | L8: 0 | M8: 0 | N8: 0 | O8: 0 | P8: 0 | Q8: 0 | R8: 0 | S8: 0 | T8: 0 | U8: 0 | V8: 2.499 | W8: 0 | X8: 0 | Y8: 0 | Z8: 0 | AA8: 2 | AC8: 45606 | AD8: 0 | AE8: 0 | AG8: 0
A9: ADTV | B9: RM | C9: RM.ADTV.00008 | D9: Malt Extract Powder / 25 KG | E9: 0 | F9: 0 | G9: 9108, 403, 401, 801, 9401, 9402, 401, 101, 102, 108, 107, 403, 108, 101, 107, 102, 9402, 9108, 9401, 801 | H9: 0 | I9: 0 | J9: 0 | K9: 0 | L9: 0 | M9: 0 | N9: 0 | O9: 0 | P9: 0 | Q9: 0 | R9: 0 | S9: 0 | T9: 0 | U9: 0 | V9: 2.517 | W9: 0 | X9: 0 | Y9: 0 | Z9: 0 | AA9: 2 | AC9: 45606 | AD9: 0 | AE9: 0 | AG9: 0
A10: ADTV | B10: RM | C10: RM.ADTV.00009 | D10: Roko Gel Powder | E10: 0 | F10: 0 | G10: 301, 301, 101, 102, 101, 102 | H10: 0 | I10: 0 | J10: 0 | K10: 0 | L10: 0 | M10: 0 | N10: 0 | O10: 0 | P10: 0 | Q10: 0 | R10: 0 | S10: 0 | T10: 0 | U10: 0 | V10: 15.6404 | W10: 0 | X10: 0 | Y10: 0 | Z10: 0 | AA10: 45035 | AB10: ROKO.01/2023 | AC10: 45041 | AD10: 0 | AE10: 0 | AG10: 0
A11: ADTV | B11: RM | C11: RM.ADTV.00010 | D11: NESCAFE 0.475 GM / 12*1 | E11: 0 | F11: 0 | G11: 402, 402 | H11: 0 | I11: 0 | J11: 0 | K11: 0 | L11: 0 | M11: 0 | N11: 0 | O11: 0 | P11: 0 | Q11: 0 | R11: 0 | S11: 0 | T11: 0 | U11: 0 | V11: 0 | W11: 0 | X11: 0 | Y11: 0 | Z11: 0 | AA11: 2 | AC11: 44560 | AD11: 0 | AE11: 0 | AG11: 0
A12: ADTV | B12: RM | C12: RM.ADTV.00011 | D12: CALCIUM CHLORIDE 77%) | E12: 25.15 | F12: 22.6345 | G12: 108, 9402, 9108, 605, 108, 403, 306, 499, 306, 499, 9108, 403, 605, 9402 | H12: 0 | I12: 0 | J12: 0 | K12: 0 | L12: 0 | M12: 0 | N12: 0 | O12: 0 | P12: 0 | Q12: 0 | R12: 0 | S12: 0 | T12: 25.15 | U12: 22.6345 | V12: 0.9 | W12: 0 | X12: 21.98 | Y12: 21.98 | Z12: 21.98 | AA12: 45845 | AB12: زهرة يافا للتجارة JFT | AC12: 45943 | AD12: 2.4422 | AE12: 1.8316 | AF12: 13:21 | AG12: 0
A13: ADTV | B13: RM | C13: RM.ADTV.00012 | D13: CITRICACID MONOHYDRATE 25KG | E13: 0 | F13: 0 | G13: 403, 403 | H13: 0 | I13: 0 | J13: 0 | K13: 0 | L13: 0 | M13: 0 | N13: 0 | O13: 0 | P13: 0 | Q13: 0 | R13: 0 | S13: 0 | T13: 0 | U13: 0 | V13: 0.86 | W13: 0 | X13: 0 | Y13: 0 | Z13: 0 | AA13: 2 | AC13: 44915 | AD13: 0 | AE13: 0 | AG13: 0
A14: ADTV | B14: RM | C14: RM.ADTV.00013 | D14: مميع للشوكولاته | E14: 6095.1836 | F14: 28092.986 | G14: 499, 408, 401, 409, 402, 102, 101, 104, 103, 108, 112, 403, 107, 306, 201, 9401, 9112, 405, 9402, 408, 9403, 9405, 9108, 409, 112, 9408, 9409, 401, 9112, 108, 405, 9409, 102, 403, 9408, 108, 9405, 499, 103, 104, 9108, 9403, 9401, 102, 101, 201, 402, 401, 112, 107, 306, 499, 9112, 403, 9108, 408, 409, 405, 9401, 9402, 9409, 9408, 9403, 9405 | H14: 0 | I14: 0 | J14: 0.227 | K14: 0 | L14: 0 | M14: 0.227 | N14: 0 | O14: 0 | P14: 0 | Q14: -2006.3543 | R14: 0 | S14: -2006.3543 | T14: 4089.0563 | U14: 18920.259 | V14: 3.3964 | W14: 5546.5413 | X14: 11676.928 | Y14: 18942 | Z14: 25910.043 | AA14: 45998 | AB14: زهرة يافا للتجارة JFT | AC14: 46053 | AD14: 2104.6667 | AE14: 2159.1702 | AF14: 1:26 | AG14: 0
A15: ADTV | B15: RM | C15: RM.ADTV.00014 | D15: Ethanol 99.8% | V15: 0 | W15: 0 | X15: 0 | Y15: 0 | Z15: 0 | AA15: 2 | AC15: 2 | AD15: 0 | AE15: 0
A16: ADTV | B16: RM | C16: RM.ADTV.00015 | D16: GLYCERINE BP 250KG | E16: 3067.7106 | F16: 6135.4212 | G16: 9108, 605, 405, 9112, 403, 108, 499, 9112, 112, 108, 9403, 9405, 9402, 9605, 112, 101, 108, 102, 306, 301, 403, 402, 499, 9405, 9403, 499, 403, 9108, 9605, 9112, 9402, 605, 405, 402, 112, 301, 306, 102, 9403, 101 | H16: 0 | I16: 0 | J16: 0 | K16: 0 | L16: 0 | M16: 0 | N16: 0 | O16: 0 | P16: 0 | Q16: -212.2152 | R16: 0 | S16: -212.2152 | T16: 2855.4954 | U16: 5710.9908 | V16: 2 | W16: 559.0902 | X16: 1334.4402 | Y16: 2654.4402 | Z16: 2985.9402 | AA16: 46000 | AB16: زهرة يافا للتجارة JFT | AC16: 46053 | AD16: 294.9378 | AE16: 248.8283 | AF16: 11:14 | AG16: 0
A17: ADTV | B17: RM | C17: RM.ADTV.00016 | D17: بروبلين | E17: 1490.9499 | F17: 3381.075 | G17: 9405, 9403, 9402, 9112, 499, 101, 201, 112, 107, 605, 403, 9108, 405, 402, 499, 402, 403, 201, 112, 108, 107, 102, 101, 9403, 9402, 9108, 605, 9112, 405, 102, 9403, 108, 403, 499, 9405, 9112, 108, 112 | H17: 0 | I17: 0 | J17: 0 | K17: 0 | L17: 0 | M17: 0 | N17: 0 | O17: 0 | P17: 0 | Q17: -40.7764 | R17: 0 | S17: -40.7764 | T17: 1450.1735 | U17: 3293.0533 | V17: 2.1261 | W17: 105.8954 | X17: 456.6534 | Y17: 704.4614 | Z17: 766.6954 | AA17: 45522 | AB17: زهرة يافا للتجارة JFT | AC17: 46053 | AD17: 78.2734 | AE17: 63.8912 | AF17: 22:20 | AG17: 0
A18: ADTV | B18: RM | C18: RM.ADTV.00017 | D18: SODIUM CARBOXYMETHYL CELLULOSE / CMC 25KG | E18: 214.7759 | F18: 698.0767 | G18: 112, 9605, 108, 9112, 9405, 499, 403, 108, 9403, 102, 405, 9112, 605, 9108, 9402, 9403, 101, 102, 108, 112, 201, 403, 306, 499, 405, 9108, 403, 605, 112, 201, 101, 306, 499, 9112, 9605, 9402, 9403, 9405 | H18: 0 | I18: 0 | J18: 0 | K18: 0 | L18: 0 | M18: 0 | N18: 0 | O18: 0 | P18: 0 | Q18: -8.6084 | R18: 0 | S18: -8.6084 | T18: 206.1675 | U18: 670.0962 | V18: 3.2501 | W18: 22.1144 | X18: 152.3024 | Y18: 203.6944 | Z18: 216.6004 | AA18: 46000 | AB18: زهرة يافا للتجارة JFT | AC18: 46053 | AD18: 22.6327 | AE18: 18.05 | AF18: 11:12 | AG18: 0
A19: ADTV | B19: RM | C19: RM.ADTV.00018 | D19: XANTHAN GUM 25KG | E19: 181.8378 | F19: 636.4401 | G19: 101, 9403, 102, 112, 405, 9402, 9112, 9108, 403, 499, 9403, 9405, 499, 403, 102, 108, 101, 112, 9402, 9405, 9403, 108, 112, 9112, 499, 108, 403, 9112, 405, 9108 | H19: 0 | I19: 0 | J19: 0 | K19: 0 | L19: 0 | M19: 0 | N19: 0 | O19: 0 | P19: 0 | Q19: -8.6084 | R19: 0 | S19: -8.6084 | T19: 173.2294 | U19: 606.3099 | V19: 3.5 | W19: 22.1144 | X19: 52.3024 | Y19: 103.6944 | Z19: 116.6004 | AA19: 46000 | AB19: زهرة يافا للتجارة JFT | AC19: 46053 | AD19: 11.5216 | AE19: 9.7167 | AF19: 17:24 | AG19: 0
A20: ADTV | B20: RM | C20: RM.ADTV.00019 | D20: GUAR GUM POWDER 25KG | E20: 135.5419 | F20: 271.0912 | G20: 9405, 9403, 9402, 405, 9108, 403, 9112, 499, 112, 201, 101, 102, 9403, 108, 499, 403, 9112, 108, 112, 9108, 9405, 9403, 9402, 405, 9112, 201, 403, 112, 108, 101, 102, 499 | H20: 0 | I20: 0 | J20: 0 | K20: 0 | L20: 0 | M20: 0 | N20: 0 | O20: 0 | P20: 0 | Q20: -8.3642 | R20: 0 | S20: -8.3642 | T20: 127.1777 | U20: 254.3621 | V20: 2 | W20: 21.8702 | X20: 52.0582 | Y20: 103.4502 | Z20: 116.3562 | AA20: 45258 | AB20: زهرة يافا للتجارة JFT | AC20: 46053 | AD20: 11.4944 | AE20: 9.6963 | AF20: 13:3 | AG20: 0
A21: ADTV | B21: RM | C21: RM.ADTV.00020 | D21: زيت القرفة | E21: 179.1061 | F21: 4490.351 | G21: 403, 306, 201, 108, 101, 102, 105, 112, 499, 402, 408, 401, 605, 405, 9112, 9401, 9108, 9403, 408, 9402, 108, 9405, 499, 102, 101, 9108, 201, 108, 405, 9112, 9408, 105, 9605, 112, 9408, 9405, 403, 9108, 499, 408, 9112, 605, 405, 306, 112, 401, 402, 9402, 9401, 9605, 9408, 9405, 9403 | H21: 0 | I21: 0 | J21: 0 | K21: 0 | L21: 0 | M21: 0 | N21: 0 | O21: 0 | P21: 0 | Q21: -10.8644 | R21: 0 | S21: -10.8644 | T21: 168.2417 | U21: 4237.9784 | V21: 25.4282 | W21: 31.3042 | X21: 60.5472 | Y21: 96.378 | Z21: 127.208 | AA21: 45943 | AB21: Cinnamon.01/2025 | AC21: 46053 | AD21: 10.7086 | AE21: 10.6006 | AF21: 15:26 | AG21: 0
A22: ADTV | B22: RM | C22: RM.ADTV.00021 | D22: طحينية سائلة | E22: 124.3909 | F22: 277.9657 | G22: 9405, 9402, 9409, 9408, 9605, 9401, 499, 801, 408, 306, 101, 605, 409, 405, 402, 401, 499, 402, 401, 408, 409, 306, 108, 111, 101, 9402, 605, 801, 405, 9401, 801, 108, 9409, 9408, 499, 111, 9405, 408, 9408, 108, 9605, 409, 9409 | H22: 400 | I22: 0 | J22: 0 | K22: 0 | L22: 0 | M22: 400 | N22: 0 | O22: 0 | P22: 0 | Q22: -326.9442 | R22: 0 | S22: -326.9442 | T22: 197.4467 | U22: 429.3087 | V22: 2.0585 | W22: 326.9442 | X22: 333.9972 | Y22: 333.9972 | Z22: 597.6332 | AA22: 46051 | AB22: شركة حقول السمسم للصناعات الغذائية | AC22: 46053 | AD22: 37.1108 | AE22: 49.8027 | AF22: 3:28 | AG22: 840
A23: ADTV | B23: RM | C23: RM.ADTV.00022 | D23: جيلاتين حيواني | E23: 0 | F23: 0 | G23: 301, 301 | H23: 0 | I23: 0 | J23: 0 | K23: 0 | L23: 0 | M23: 0 | N23: 0 | O23: 0 | P23: 0 | Q23: 0 | R23: 0 | S23: 0 | T23: 0 | U23: 0 | V23: 7.4138 | W23: 0 | X23: 0 | Y23: 0 | Z23: 0 | AA23: 45364 | AB23: شركة اياد خرفان وشركاه - مورد | AC23: 45364 | AD23: 0 | AE23: 0 | AG23: 0
A24: ADTV | B24: RM | C24: RM.ADTV.00023 | D24: Oil Binder | E24: 340.6906 | F24: 1771.5911 | G24: 499, 401, 402, 408, 108, 104, 101, 102, 112, 306, 108, 9405, 499, 108, 405, 9112, 9605, 112, 9408, 9405, 9402, 9401, 9108, 9112, 405, 605, 9108, 499, 9112, 408, 9401, 9402, 9605, 9408, 9405, 402, 401, 405, 605, 112, 306, 102, 104, 101 | H24: 0 | I24: 0 | J24: 0 | K24: 0 | L24: 0 | M24: 0 | N24: 0 | O24: 0 | P24: 0 | Q24: -85.9127 | R24: 0 | S24: -85.9127 | T24: 254.7779 | U24: 1324.8451 | V24: 6.249 | W24: 316.5107 | X24: 806.6957 | Y24: 1472.4727 | Z24: 2073.8107 | AA24: 45894 | AB24: كوينكا للمواد والمكونات الغذائية والكيميائية | AC24: 46053 | AD24: 163.608 | AE24: 172.8175 | AF24: 1:14 | AG24: 0
A25: ADTV | B25: RM | C25: RM.ADTV.00024 | D25: Water | E25: 4972.5079 | F25: 497.2508 | G25: 9304, 9402, 304, 9403, 9403, 499, 403, 9409, 409, 403, 304, 402, 499, 409, 9402, 499, 9403, 9304, 9409, 409, 403, 402, 304 | H25: 0 | I25: 0 | J25: 1242.549 | K25: 0 | L25: 0 | M25: 1242.549 | N25: 0 | O25: 0 | P25: 0 | Q25: -1252.3316 | R25: 0 | S25: -1252.3316 | T25: 4962.7253 | U25: 496.2725 | V25: 0.001 | W25: 4106.0806 | X25: 7564.9876 | Y25: 10646.842 | Z25: 13070.267 | AA25: 2 | AC25: 46053 | AD25: 1182.9824 | AE25: 1089.1888 | AF25: 4:16 | AG25: 0
A26: ADTV | B26: RM | C26: RM.ADTV.00025 | D26: عجينة كنافة خالي من السكر | V26: 0 | W26: 0 | X26: 0 | Y26: 0 | Z26: 0 | AA26: 2 | AC26: 2 | AD26: 0 | AE26: 0
A27: ADTV | B27: RM | C27: RM.ADTV.00026 | D27: طحين | E27: 7.15 | F27: 0.0143 | G27: 402, 605, 499, 9108, 108, 499, 402, 605, 9108, 108 | H27: 0 | I27: 0 | J27: 0 | K27: 0 | L27: 0 | M27: 0 | N27: 0 | O27: 0 | P27: 0 | Q27: 0 | R27: 0 | S27: 0 | T27: 7.15 | U27: 0.0143 | V27: 0.002 | W27: 0 | X27: 42.85 | Y27: 42.85 | Z27: 42.85 | AA27: 2 | AC27: 45943 | AD27: 4.7611 | AE27: 3.5708 | AF27: 2:0 | AG27: 0
A28: ADTV | B28: RM | C28: RM.ADTV.00027 | D28: طحين زهرة 50 ك | E28: 0 | F28: 0 | G28: 403, 108, 108, 9108, 605, 605, 9108, 403 | H28: 0 | I28: 0 | J28: 0 | K28: 0 | L28: 0 | M28: 0 | N28: 0 | O28: 0 | P28: 0 | Q28: 0 | R28: 0 | S28: 0 | T28: 0 | U28: 0 | V28: 0.002 | W28: 0 | X28: 39 | Y28: 39 | Z28: 39 | AA28: 45190 | AB28: شركة اياد خرفان وشركاه - مورد | AC28: 45943 | AD28: 4.3333 | AE28: 3.25 | AF28: 0:0 | AG28: 0
A29: ADTV | B29: RM | C29: RM.ADTV.00028 | D29: بيكنج باودر | E29: 0.1 | F29: 0.89 | G29: 402, 499, 499, 402 | H29: 0 | I29: 0 | J29: 0 | K29: 0 | L29: 0 | M29: 0 | N29: 0 | O29: 0 | P29: 0 | Q29: 0 | R29: 0 | S29: 0 | T29: 0.1 | U29: 0.89 | V29: 8.9 | W29: 0 | X29: 0 | Y29: 0 | Z29: 0 | AA29: 45246 | AB29: Cash Customer - مورد | AC29: 2 | AD29: 0 | AE29: 0 | AG29: 0
A30: ADTV | B30: RM | C30: RM.ADTV.00029 | D30: Gelatin Powder – Abdoun showroom | E30: 1 | F30: 13.1 | G30: 304, 304 | H30: 0 | I30: 0 | J30: 0 | K30: 0 | L30: 0 | M30: 0 | N30: 0 | O30: 0 | P30: 0 | Q30: 0 | R30: 0 | S30: 0 | T30: 1 | U30: 13.1 | V30: 13.1 | W30: 0 | X30: 0 | Y30: 0 | Z30: 0 | AA30: 45854 | AB30: شركة الكونية للاستيراد والتصدير | AC30: 2 | AD30: 0 | AE30: 0 | AG30: 0
A31: ADTV | B31: RM | C31: RM.ADTV.00030 | D31: بوردة تشيز كيك | V31: 0 | W31: 0 | X31: 0 | Y31: 0 | Z31: 0 | AA31: 2 | AC31: 2 | AD31: 0 | AE31: 0
A32: ADTV | B32: RM | C32: RM.ADTV.00031 | D32: شوفان | E32: 233.7477 | F32: 210.0224 | G32: 401, 499, 409, 112, 108, 405, 9112, 9401, 9405, 9409, 112, 401, 409, 9112, 9409, 405, 108, 499, 9405, 108, 112, 9401, 409, 405, 401, 9405, 9409, 9401, 9112, 499 | H32: 0 | I32: 0 | J32: 0 | K32: 0 | L32: 0 | M32: 0 | N32: 0 | O32: 0 | P32: 0 | Q32: -44.4305 | R32: 0 | S32: -44.4305 | T32: 189.3172 | U32: 167.3473 | V32: 0.8721 | W32: 154.5705 | X32: 292.0075 | Y32: 312.9925 | Z32: 312.9925 | AA32: 45995 | AB32: مطاحن الدبور الذهبي | AC32: 46053 | AD32: 34.7769 | AE32: 26.0827 | AF32: 7:7 | AG32: 0
A33: ADTV | B33: RM | C33: RM.ADTV.00032 | D33: Malt Dextrin 25 kg | V33: 0 | W33: 0 | X33: 0 | Y33: 0 | Z33: 0 | AA33: 2 | AC33: 2 | AD33: 0 | AE33: 0
A34: ADTV | B34: RM | C34: RM.ADTV.00033 | D34: egg | E34: 72 | F34: 6.5884 | G34: 402, 304, 499, 499, 402, 304, 304 | H34: 0 | I34: 0 | J34: 0 | K34: 0 | L34: 0 | M34: 0 | N34: 0 | O34: 0 | P34: -12 | Q34: 0 | R34: 0 | S34: -12 | T34: 60 | U34: 4.824 | V34: 0.0804 | W34: 0 | X34: 0 | Y34: 0 | Z34: 0 | AA34: 45693 | AB34: Cash Customer - مورد | AC34: 2 | AD34: 0 | AE34: 0 | AG34: 0
A35: ADTV | B35: RM | C35: RM.ADTV.00034 | D35: Yeast instant dry bakmate blue | E35: 0 | F35: 0 | G35: 301, 305, 605, 9605, 301, 305, 605, 9605 | H35: 0 | I35: 0 | J35: 0 | K35: 0 | L35: 0 | M35: 0 | N35: 0 | O35: 0 | P35: 0 | Q35: 0 | R35: 0 | S35: 0 | T35: 0 | U35: 0 | V35: 2.3239 | W35: 7069.95 | X35: 0 | Y35: 38858.85 | Z35: 42179.85 | AA35: 45197 | AB35: YEAST.03/2023 | AC35: 46008 | AD35: 4317.65 | AE35: 3514.9875 | AF35: 0:0 | AG35: 0
A36: ADTV | B36: RM | C36: RM.ADTV.00035 | D36: Marsh Mallows | E36: 0 | F36: 0 | G36: 402, 402 | H36: 0 | I36: 0 | J36: 0 | K36: 0 | L36: 0 | M36: 0 | N36: 0 | O36: 0 | P36: 0 | Q36: 0 | R36: 0 | S36: 0 | T36: 0 | U36: 0 | V36: 0.862 | W36: 0 | X36: 0 | Y36: 0 | Z36: 0 | AA36: 2 | AC36: 2 | AD36: 0 | AE36: 0 | AG36: 0
A37: ADTV | B37: RM | C37: RM.ADTV.00036 | D37: فريش كريم | E37: 48.957 | F37: 175.7278 | G37: 9409, 9304, 409, 499, 801, 9102, 401, 402, 304, 9409, 108, 102, 108, 801, 102, 9102, 101, 9304, 304, 304, 108, 101, 499, 401, 402, 409 | H37: 6 | I37: 0 | J37: 0 | K37: 0 | L37: 0 | M37: 6 | N37: 0 | O37: 0 | P37: -13.057 | Q37: 0 | R37: 0 | S37: -13.057 | T37: 41.9 | U37: 149.9155 | V37: 3.8679 | W37: 2.943 | X37: 2.943 | Y37: 2.943 | Z37: 2.943 | AA37: 46051 | AB37: شركة المحمودية لتجارة مستلزمات المخابز والحلويات | AC37: 45984 | AD37: 0.327 | AE37: 0.2452 | AF37: 170:25 | AG37: 21.366
A38: ADTV | B38: RM | C38: RM.ADTV.00037 | D38: عجينه خشنه | E38: 0 | F38: 0 | G38: 402, 402, 101, 101 | H38: 0 | I38: 0 | J38: 0 | K38: 0 | L38: 0 | M38: 0 | N38: 0 | O38: 0 | P38: 0 | Q38: 0 | R38: 0 | S38: 0 | T38: 0 | U38: 0 | V38: 4.31 | W38: 0 | X38: 0 | Y38: 0 | Z38: 0 | AA38: 45525 | AB38: شركة (سالي للتسويق) | AC38: 45532 | AD38: 0 | AE38: 0 | AG38: 0
A39: ADTV | B39: RM | C39: RM.ADTV.00038 | D39: عجينة كنافة Free sugar | E39: 238.1877 | F39: 404.9191 | G39: 108, 9408, 499, 9405, 108, 9401, 9112, 801, 9402, 304, 9108, 9304, 108, 112, 306, 304, 408, 401, 402, 499, 401, 402, 9108, 112, 306, 304, 408, 801, 499, 9401, 9112, 9408, 9304, 9402, 9405 | H39: 0 | I39: 0 | J39: 0.713 | K39: 0 | L39: 0 | M39: 0.713 | N39: 0 | O39: 0 | P39: 0 | Q39: -0.7325 | R39: 0 | S39: -0.7325 | T39: 238.1682 | U39: 404.8859 | V39: 1.9719 | W39: 123.3205 | X39: 244.9055 | Y39: 287.0005 | Z39: 287.0005 | AA39: 45988 | AB39: شركة عبيد والنيربيه | AC39: 46053 | AD39: 31.8889 | AE39: 23.9167 | AF39: 9:28 | AG39: 0
A40: ADTV | B40: RM | C40: RM.ADTV.00039 | D40: غزل البنات | V40: 0 | W40: 0 | X40: 0 | Y40: 0 | Z40: 0 | AA40: 2 | AC40: 2 | AD40: 0 | AE40: 0
A41: ADTV | B41: RM | C41: RM.ADTV.00040 | D41: Sweetened Condensed Milk | E41: 11028.004 | F41: 22402.758 | G41: 9108, 9401, 605, 801, 108, 103, 499, 9402, 101, 108, 102, 103, 403, 301, 499, 402, 401, 499, 801, 403, 9108, 9401, 9402, 605, 402, 401, 301, 102, 101 | H41: 0 | I41: 0 | J41: 0 | K41: 0 | L41: 0 | M41: 0 | N41: 0 | O41: 0 | P41: 0 | Q41: -11.406 | R41: 0 | S41: -11.406 | T41: 11016.598 | U41: 22375.322 | V41: 2.0307 | W41: 11.406 | X41: 74.406 | Y41: 74.406 | Z41: 74.406 | AA41: 45256 | AB41: Sweetened.02/2023 | AC41: 46053 | AD41: 8.2673 | AE41: 6.2005 | AF41: 1776:21 | AG41: 0
A42: ADTV | B42: RM | C42: RM.ADTV.00041 | D42: Resistamy 368 - 25 kg | E42: 4452.3407 | F42: 16918.895 | G42: 102, 108, 110, 9102, 499, 112, 110, 102, 9112, 108, 9403, 9402, 9108, 9112, 9110, 605, 102, 110, 108, 403, 306, 112, 301, 402, 499, 402, 306, 301, 112, 403, 605, 9108, 9110, 9403, 499, 9102, 9112, 9402 | H42: 0 | I42: 0 | J42: 0 | K42: 0 | L42: 0 | M42: 0 | N42: 0 | O42: 0 | P42: 0 | Q42: -5.1624 | R42: 0 | S42: -5.1624 | T42: 4447.1783 | U42: 16899.278 | V42: 3.8 | W42: 40.1624 | X42: 196.5734 | Y42: 295.9774 | Z42: 313.4774 | AA42: 44887 | AB42: شركة نبيل احمد محمد اسماعيل وشريكته | AC42: 46053 | AD42: 32.8863 | AE42: 26.1231 | AF42: 170:7 | AG42: 0
A43: ADTV | B43: RM | C43: RM.ADTV.00042 | D43: عجينة كنافة خشنة | E43: 21562.323 | F43: 35194.419 | G43: 9402, 9401, 9112, 9605, 801, 499, 9408, 9405, 9406, 9409, 9108, 408, 605, 403, 409, 406, 405, 401, 112, 306, 304, 402, 499, 402, 401, 408, 409, 406, 112, 306, 403, 304, 108, 110, 101, 605, 9401, 9112, 801, 405, 9108, 9402, 408, 9406, 304, 108, 9112, 112, 405, 409, 9605, 401, 9408, 9405, 499, 110, 108, 9405, 9108, 9409, 9408, 101, 9401 | H43: 1000 | I43: 0 | J43: 0 | K43: 0 | L43: 0 | M43: 1000 | N43: 0 | O43: 0 | P43: -1.585 | Q43: -14048.702 | R43: 0 | S43: -14050.287 | T43: 8512.0359 | U43: 13834.719 | V43: 1.5929 | W43: 39250.961 | X43: 114191.19 | Y43: 182315.82 | Z43: 257596.58 | AA43: 46051 | AB43: شركة مجمع البندر للحلويات والماكولات | AC43: 46053 | AD43: 20257.313 | AE43: 21466.382 | AF43: 0:11 | AG43: 1230
A44: ADTV | B44: RM | C44: RM.ADTV.00043 | D44: مميع | E44: 2875.4758 | F44: 11501.903 | G44: 9403, 9108, 9405, 9402, 408, 605, 405, 9112, 9401, 108, 9403, 9401, 102, 101, 499, 9408, 9409, 9112, 9108, 403, 102, 112, 108, 9408, 9409, 401, 9605, 409, 403, 306, 108, 101, 102, 112, 402, 499, 408, 401, 409, 499, 9112, 9605, 9108, 408, 605, 403, 405, 409, 306, 112, 402, 401, 9409, 9401, 9402, 9405, 9408, 9403 | H44: 0 | I44: 0 | J44: 0 | K44: 0 | L44: 0 | M44: 0 | N44: 0 | O44: 0 | P44: 0 | Q44: -588.3117 | R44: 0 | S44: -588.3117 | T44: 2287.1641 | U44: 9148.6564 | V44: 4 | W44: 1641.0127 | X44: 3395.6397 | Y44: 5537.8537 | Z44: 6942.6817 | AA44: 46000 | AB44: شركة وديع فينان وشركاه | AC44: 46053 | AD44: 615.317 | AE44: 578.5568 | AF44: 3:28 | AG44: 0
A45: ADTV | B45: RM | C45: RM.ADTV.00044 | D45: البوتاسيوم سوربات | E45: 127.6109 | F45: 460.1168 | G45: 9403, 9402, 112, 306, 403, 605, 9108, 9605, 9112, 499, 9102, 499, 112, 110, 108, 306, 403, 9605, 108, 112, 102, 9112, 110, 499, 9102, 102, 108, 110, 9112, 605, 9402, 9108, 9403 | H45: 0 | I45: 0 | J45: 0 | K45: 0 | L45: 0 | M45: 0 | N45: 0 | O45: 0 | P45: 0 | Q45: -0.2442 | R45: 0 | S45: -0.2442 | T45: 127.3667 | U45: 459.1889 | V45: 3.6361 | W45: 1.2442 | X45: 2.7382 | Y45: 6.6792 | Z45: 7.1792 | AA45: 45844 | AB45: زهرة يافا للتجارة JFT | AC45: 46053 | AD45: 0.7421 | AE45: 0.5982 | AF45: 212:26 | AG45: 0
A46: ADTV | B46: RM | C46: RM.ADTV.00045 | D46: خل ابيض | E46: 271.2477 | F46: 86.0234 | G46: 402, 803, 803, 499, 402, 499, 803, 499 | H46: 0 | I46: 0 | J46: 0 | K46: 0 | L46: 0 | M46: 0 | N46: 0 | O46: 0 | P46: 0 | Q46: -268.7325 | R46: 0 | S46: -268.7325 | T46: 2.5152 | U46: 1.7606 | V46: 0.3125 | W46: 752.7325 | X46: 752.7325 | Y46: 752.7325 | Z46: 752.7325 | AA46: 45976 | AB46: مؤسسة الزنبقة للاستيراد والتصدير - مورد | AC46: 46053 | AD46: 83.6369 | AE46: 62.7277 | AF46: 0:1 | AG46: 0
A47: ADTV | B47: RM | C47: RM.ADTV.00046 | D47: خميرة فورية | E47: 0.06 | F47: 0.9 | G47: 402, 499, 402, 499 | H47: 0 | I47: 0 | J47: 0 | K47: 0 | L47: 0 | M47: 0 | N47: 0 | O47: 0 | P47: 0 | Q47: 0 | R47: 0 | S47: 0 | T47: 0.06 | U47: 0.9 | V47: 15 | W47: 0 | X47: 0 | Y47: 0 | Z47: 0 | AA47: 45246 | AB47: Cash Customer - مورد | AC47: 2 | AD47: 0 | AE47: 0 | AG47: 0
A48: ADTV | B48: RM | C48: RM.ADTV.00047 | D48: Sodium Benzoate 25 kg | E48: 44.477 | F48: 0 | G48: 499, 403, 108, 110, 102, 112, 306, 108, 9102, 110, 108, 110, 9112, 102, 112, 9402, 9403, 9108, 9112, 9110, 102, 112, 306, 499, 9112, 9108, 403, 9402, 9102, 9110, 9403 | H48: 0 | I48: 0 | J48: 0 | K48: 0 | L48: 0 | M48: 0 | N48: 0 | O48: 0 | P48: 0 | Q48: 0 | R48: 0 | S48: 0 | T48: 44.477 | U48: 0 | V48: 1 | W48: 0.592 | X48: 1.48 | Y48: 3.55 | Z48: 3.85 | AA48: 45418 | AB48: زهرة يافا للتجارة JFT | AC48: 45986 | AD48: 0.3944 | AE48: 0.3208 | AF48: 138:18 | AG48: 0
A49: ADTV | B49: RM | C49: RM.ADTV.00048 | D49: Non Dairy Cremer 25 kg | E49: 9842.9964 | F49: 22171.684 | G49: 9108, 9112, 408, 499, 605, 405, 301, 306, 112, 9405, 9408, 9605, 605, 405, 9112, 9108, 408, 108, 9405, 499, 9108, 102, 9405, 112, 9605, 9408, 102, 9112, 405, 108, 108, 102, 112, 301, 306, 499 | H49: 0 | I49: 0 | J49: 0 | K49: 0 | L49: 0 | M49: 0 | N49: 0 | O49: 0 | P49: 0 | Q49: -1332.1991 | R49: 0 | S49: -1332.1991 | T49: 8510.7973 | U49: 19170.86 | V49: 1.9569 | W49: 1340.9726 | X49: 1377.3266 | Y49: 1427.3266 | Z49: 1427.3266 | AA49: 45298 | AB49: OMAN.01/2024 | AC49: 46053 | AD49: 158.5918 | AE49: 118.9438 | AF49: 71:16 | AG49: 0
A50: ADTV | B50: RM | C50: RM.ADTV.00049 | D50: CAPOL 11-5519 | E50: 224.4523 | F50: 1867.7731 | G50: 9403, 9402, 9401, 403, 9108, 9112, 499, 306, 112, 203, 102, 101, 402, 401, 409, 9112, 9108, 9401, 9403, 9402, 499, 108, 103, 306, 203, 112, 102, 103, 108, 101, 403, 499, 401, 402, 409 | H50: 0 | I50: 0 | J50: 0 | K50: 0 | L50: 0 | M50: 0 | N50: 0 | O50: 0 | P50: 0 | Q50: -0.4884 | R50: 0 | S50: -0.4884 | T50: 223.9639 | U50: 1863.709 | V50: 8.3215 | W50: 17.0854 | X50: 28.7214 | Y50: 241.0989 | Z50: 713.7579 | AA50: 2 | AC50: 46053 | AD50: 26.7887 | AE50: 59.4798 | AF50: 3:22 | AG50: 0
A51: ADTV | B51: RM | C51: RM.ADTV.00050 | D51: CAPOL 425 M | E51: 1462.3111 | F51: 21768.209 | G51: 101, 102, 104, 9403, 203, 306, 112, 9402, 9112, 9108, 403, 701, 9103, 9102, 499, 9403, 9104, 499, 403, 103, 102, 101, 108, 112, 104, 306, 203, 9402, 9403, 103, 9102, 108, 403, 102, 108, 499, 9103, 9112, 9104, 9102, 9108, 701 | H51: 0 | I51: 0 | J51: 0 | K51: 0 | L51: 0 | M51: 0 | N51: 0 | O51: 0 | P51: 0 | Q51: -16.1794 | R51: 0 | S51: -16.1794 | T51: 1446.1317 | U51: 21527.378 | V51: 14.8856 | W51: 67.1709 | X51: 111.5271 | Y51: 155.1421 | Z51: 267.7667 | AA51: 45540 | AB51: CAPOL.03/2024 | AC51: 46053 | AD51: 17.238 | AE51: 22.3138 | AF51: 64:24 | AG51: 0
A52: ADTV | B52: RM | C52: RM.ADTV.00051 | D52: CAPOL 254 N | E52: 2383.9316 | F52: 13365.832 | G52: 499, 402, 306, 403, 102, 103, 108, 104, 108, 499, 102, 403, 102, 104, 103, 9403, 9108, 108, 9402, 9403, 9108, 701, 9103, 9402, 9403, 306, 402, 499, 9103, 9108, 403, 701 | H52: 0 | I52: 0 | J52: 0 | K52: 0 | L52: 0 | M52: 0 | N52: 0 | O52: 0 | P52: 0 | Q52: -220.1626 | R52: 0 | S52: -220.1626 | T52: 2163.769 | U52: 12132.991 | V52: 5.598 | W52: 489.8811 | X52: 654.0121 | Y52: 671.1921 | Z52: 672.3921 | AA52: 45540 | AB52: CAPOL.03/2024 | AC52: 46053 | AD52: 74.5769 | AE52: 56.0326 | AF52: 38:18 | AG52: 0
A53: ADTV | B53: RM | C53: RM.ADTV.00052 | D53: Quick Lac IPA | E53: 657.3271 | F53: 12435.8 | G53: 9108, 9402, 108, 102, 499, 403, 306, 108, 102, 499, 499, 9108, 403, 306, 9402 | H53: 0 | I53: 0 | J53: 0 | K53: 0 | L53: 0 | M53: 0 | N53: 0 | O53: 0 | P53: 0 | Q53: -0.9534 | R53: 0 | S53: -0.9534 | T53: 656.3737 | U53: 12414.701 | V53: 18.5523 | W53: 0.9534 | X53: 0.9534 | Y53: 0.9534 | Z53: 0.9534 | AA53: 45587 | AB53: Quick .03/2024 | AC53: 46053 | AD53: 0.1059 | AE53: 0.0794 | AF53: 8261:14 | AG53: 0
A54: ADTV | B54: RM | C54: RM.ADTV.00053 | D54: Quick Shine | E54: 445.5795 | F54: 2384.9924 | G54: 9402, 306, 403, 9108, 701, 499, 499, 102, 108, 306, 403, 499, 102, 108, 9402, 9108, 701 | H54: 0 | I54: 0 | J54: 0 | K54: 0 | L54: 0 | M54: 0 | N54: 0 | O54: 0 | P54: 0 | Q54: -1.2209 | R54: 0 | S54: -1.2209 | T54: 444.3586 | U54: 2378.4574 | V54: 5.3526 | W54: 1.2209 | X54: 1.2209 | Y54: 4.2209 | Z54: 4.2209 | AA54: 45587 | AB54: Quick .03/2024 | AC54: 46053 | AD54: 0.4689 | AE54: 0.3517 | AF54: 1263:9 | AG54: 0
A55: ADTV | B55: RM | C55: RM.ADTV.00054 | D55: Corn Starch | E55: 268.4137 | F55: 101.812 | G55: 499, 403, 101, 108, 103, 102, 112, 306, 103, 108, 499, 9402, 9403, 9108, 9112, 101, 102, 112, 306, 499, 9112, 9108, 403, 9402, 9403 | H55: 0 | I55: 0 | J55: 0 | K55: 0 | L55: 0 | M55: 0 | N55: 0 | O55: 0 | P55: 0 | Q55: -0.7325 | R55: 0 | S55: -0.7325 | T55: 267.6812 | U55: 101.5342 | V55: 0.3793 | W55: 0.7325 | X55: 135.6665 | Y55: 135.6665 | Z55: 135.6665 | AA55: 45859 | AB55: شركة زمزم اخوان للتجارة | AC55: 46053 | AD55: 15.074 | AE55: 11.3055 | AF55: 23:20 | AG55: 0
A56: ADTV | B56: RM | C56: RM.ADTV.00055 | D56: Native Rice Starch | E56: 906.8858 | F56: 786.5276 | G56: 9405, 9403, 9402, 9112, 9605, 499, 306, 112, 9108, 605, 403, 701, 405, 499, 403, 306, 112, 108, 102, 103, 9108, 701, 9402, 9403, 605, 9112, 405, 108, 103, 9403, 102, 403, 9405, 108, 9112, 499, 112, 9605 | H56: 0 | I56: 0 | J56: 0 | K56: 0 | L56: 0 | M56: 0 | N56: 0 | O56: 0 | P56: 0 | Q56: -7.944 | R56: 0 | S56: -7.944 | T56: 898.9418 | U56: 779.6379 | V56: 0.8673 | W56: 24.414 | X56: 59.708 | Y56: 85.133 | Z56: 110.133 | AA56: 45743 | AB56: NATIVE.01/2025 | AC56: 46053 | AD56: 9.4592 | AE56: 9.1777 | AF56: 97:28 | AG56: 0
A57: ADTV | B57: RM | C57: RM.ADTV.00056 | D57: Potato starch | E57: 0 | F57: 0 | G57: 101, 9402, 101, 403, 403, 9402 | H57: 0 | I57: 0 | J57: 0 | K57: 0 | L57: 0 | M57: 0 | N57: 0 | O57: 0 | P57: 0 | Q57: 0 | R57: 0 | S57: 0 | T57: 0 | U57: 0 | V57: 0.7328 | W57: 0 | X57: 0 | Y57: 0 | Z57: 0 | AA57: 44446 | AB57: شركة زمزم اخوان للتجارة | AC57: 44601 | AD57: 0 | AE57: 0 | AG57: 0
A58: ADTV | B58: RM | C58: RM.ADTV.00057 | D58: CORN STARCH NATURAL - 25 kg | E58: 0 | F58: 0 | G58: 403, 301, 403, 301 | H58: 0 | I58: 0 | J58: 0 | K58: 0 | L58: 0 | M58: 0 | N58: 0 | O58: 0 | P58: 0 | Q58: 0 | R58: 0 | S58: 0 | T58: 0 | U58: 0 | V58: 0.5862 | W58: 0 | X58: 0 | Y58: 0 | Z58: 0 | AA58: 44737 | AB58: ABED.12/2022 | AC58: 45505 | AD58: 0 | AE58: 0 | AG58: 0
A59: ADTV | B59: RM | C59: RM.ADTV.00058 | D59: CORN STARCH NATURAL MASTER FOOD - 25 kg | E59: 598.3142 | F59: 252.1904 | G59: 701, 9108, 9112, 405, 605, 801, 499, 108, 112, 9112, 403, 108, 9403, 9402, 9405, 9408, 301, 306, 112, 108, 102, 403, 305, 499, 408, 9403, 9408, 9405, 499, 801, 408, 701, 403, 605, 9108, 9112, 9402, 112, 306, 301, 305, 9403, 102, 405 | H59: 0 | I59: 0 | J59: 0 | K59: 0 | L59: 0 | M59: 0 | N59: 0 | O59: 0 | P59: 0 | Q59: -122.5212 | R59: 0 | S59: -122.5212 | T59: 475.793 | U59: 199.4106 | V59: 0.4575 | W59: 321.9042 | X59: 655.5422 | Y59: 1431.7782 | Z59: 92572.324 | AA59: 45928 | AB59: شركة ابناء درويش مصطفى الصعيدي التجارية و شركائهم | AC59: 46053 | AD59: 159.0864 | AE59: 7714.3603 | AF59: 0:1 | AG59: 0
A60: ADTV | B60: RM | C60: RM.ADTV.0059 | D60: اصابع جوز هند | E60: 244.8177 | F60: 3123.8739 | G60: 101, 409, 499, 9409, 101, 499, 409, 9409, 499 | H60: 0 | I60: 0 | J60: 0 | K60: 0 | L60: 0 | M60: 0 | N60: 0 | O60: 0 | P60: 0 | Q60: -0.7325 | R60: 0 | S60: -0.7325 | T60: 244.0852 | U60: 3114.5272 | V60: 12.76 | W60: 488.6625 | X60: 488.6625 | Y60: 488.6625 | Z60: 488.6625 | AA60: 45978 | AB60: حلويات عبداللطيف التوم | AC60: 46053 | AD60: 54.2958 | AE60: 40.7218 | AF60: 5:29 | AG60: 0
A61: ADTV | B61: RM | C61: RM.ADTV.0060 | D61: اصابع لوتس | E61: 123.7959 | F61: 1433.8934 | G61: 9409, 499, 101, 409, 409, 9409, 499, 101, 9409, 101, 499, 409 | H61: 18.23 | I61: 0 | J61: 0 | K61: 0 | L61: 0 | M61: 18.23 | N61: 0 | O61: 0 | P61: 0 | Q61: -66.4042 | R61: 0 | S61: -66.4042 | T61: 75.6217 | U61: 696.2433 | V61: 6 | W61: 694.9242 | X61: 694.9242 | Y61: 694.9242 | Z61: 694.9242 | AA61: 46029 | AB61: شركة عبيد والنيربيه | AC61: 46053 | AD61: 77.2138 | AE61: 57.9103 | AF61: 1:9 | AG61: 109.38
A62: ADTV | B62: RM | C62: RM.ADTV.0061 | D62: اصابع فستق حلبي | E62: 580.8612 | F62: 6392.8606 | G62: 499, 9409, 409, 101, 9409, 409, 499, 101, 9409, 499, 409, 101 | H62: 136.7 | I62: 0 | J62: 0 | K62: 0 | L62: 0 | M62: 136.7 | N62: 0 | O62: 0 | P62: 0 | Q62: -695.3892 | R62: 0 | S62: -695.3892 | T62: 22.172 | U62: 243.9253 | V62: 11 | W62: 699.6392 | X62: 699.6392 | Y62: 699.6392 | Z62: 699.6392 | AA62: 46027 | AB62: شركة عبيد والنيربيه | AC62: 46053 | AD62: 77.7376 | AE62: 58.3032 | AF62: 0:11 | AG62: 1503.7
A63: ADTV | B63: RM | C63: RM.ADTV.0062 | D63: اصابع كاجو | E63: 649.4771 | F63: 7173.7772 | G63: 499, 9409, 401, 409, 101, 409, 401, 499, 101, 9409, 409, 9409, 499, 101 | H63: 544.385 | I63: 0 | J63: 0 | K63: 0 | L63: 0 | M63: 544.385 | N63: 0 | O63: 0 | P63: 0 | Q63: -948.9704 | R63: 0 | S63: -948.9704 | T63: 244.8917 | U63: 1978.5445 | V63: 8 | W63: 953.1204 | X63: 953.1204 | Y63: 953.1204 | Z63: 953.1204 | AA63: 46045 | AB63: شركة عبيد والنيربيه | AC63: 46053 | AD63: 105.9022 | AE63: 79.4267 | AF63: 3:2 | AG63: 4355.08
A64: ADTV | B64: RM | C64: RM.ADTV.0063 | D64: اصابع بيكان | V64: 0 | W64: 0 | X64: 0 | Y64: 0 | Z64: 0 | AA64: 2 | AC64: 2 | AD64: 0 | AE64: 0
A65: ADTV | B65: RM | C65: RM.ADTV.0064 | D65: بقلاوة عيون | E65: 0 | F65: 0 | G65: 409, 101, 9409, 409, 9409, 101 | H65: 884.855 | I65: 0 | J65: 0 | K65: 0 | L65: 0 | M65: 884.855 | N65: 0 | O65: 0 | P65: 0 | Q65: -884.8 | R65: 0 | S65: -884.8 | T65: 0.055 | U65: 0.605 | V65: 11 | W65: 884.8 | X65: 884.8 | Y65: 884.8 | Z65: 884.8 | AA65: 46053 | AB65: شركة عبيد والنيربيه | AC65: 46053 | AD65: 98.3111 | AE65: 73.7333 | AF65: 0:0 | AG65: 9733.405
A66: ADTV | B66: RM | C66: RM.ADTV.0065 | D66: ملح بحري | E66: 0.3 | F66: 0 | G66: 409, 402, 801, 402, 409, 801, 108, 108 | H66: 2 | I66: 0 | J66: 0 | K66: 0 | L66: 0 | M66: 2 | N66: 0 | O66: 0 | P66: 0 | Q66: 0 | R66: 0 | S66: 0 | T66: 2.3 | U66: 1.5 | V66: 0.75 | W66: 0 | X66: 0 | Y66: 0 | Z66: 0 | AA66: 46051 | AB66: Cash Customer - مورد | AC66: 2 | AD66: 0 | AE66: 0 | AG66: 1.5
A67: ADTV | B67: RM | C67: RM.ADTV.0066 | D67: White powder cream | E67: 13.6 | F67: 87.9278 | G67: 304, 304, 304 | H67: 0 | I67: 0 | J67: 0 | K67: 0 | L67: 0 | M67: 0 | N67: 0 | O67: 0 | P67: -6.9 | Q67: 0 | R67: 0 | S67: -6.9 | T67: 6.7 | U67: 43.3157 | V67: 5.1653 | W67: 0 | X67: 0 | Y67: 0 | Z67: 0 | AA67: 46017 | AB67: شركة المعروف للصناعات الغذائية - مورد | AC67: 2 | AD67: 0 | AE67: 0 | AG67: 0
A68: ADTV | B68: RM | C68: RM.ADTV.0067 | D68: اوريو ناعم | E68: 27.295 | F68: 50.4447 | G68: 9108, 403, 108, 101, 102, 9405, 9404, 405, 112, 108, 9112, 9401, 9112, 405, 801, 501, 9402, 9403, 304, 9108, 499, 402, 401, 303, 305, 404, 102, 108, 101, 104, 112, 107, 304, 403, 306, 301, 201, 499, 801, 9112, 9401, 9402, 9404, 9405, 9403, 9108, 403, 405, 501, 401, 404, 104, 107, 201, 112, 402, 304, 303, 301, 305, 306 | H68: 0 | I68: 0 | J68: 0 | K68: 0 | L68: 0 | M68: 0 | N68: 0 | O68: 0 | P68: -1 | Q68: -1.05 | R68: 0 | S68: -2.05 | T68: 25.245 | U68: 46.6625 | V68: 1.836 | W68: 35.05 | X68: 1422.853 | Y68: 3051.969 | Z68: 4719.15 | AA68: 44874 | AB68: شركة بيكر للصناعات الغذائية / مورد | AC68: 46037 | AD68: 339.1076 | AE68: 393.2625 | AF68: 0:1 | AG68: 0
A69: ADTV | B69: RM | C69: RM.ADTV.0068 | D69: فلوريكس باودر | E69: 25.353 | F69: 327.8396 | G69: 304, 304, 304 | H69: 12 | I69: 0 | J69: 0 | K69: 0 | L69: 0 | M69: 12 | N69: 0 | O69: 0 | P69: -5.153 | Q69: 0 | R69: 0 | S69: -5.153 | T69: 32.2 | U69: 416.3782 | V69: 9.3528 | W69: 2.126 | X69: 17.847 | Y69: 17.847 | Z69: 17.847 | AA69: 46050 | AB69: شركة المحمودية لتجارة مستلزمات المخابز والحلويات | AC69: 45988 | AD69: 1.983 | AE69: 1.4872 | AF69: 21:19 | AG69: 155.172
A70: ADTV | B70: RM | C70: RM.ADTV.0069 | D70: كروكان لوز | E70: 102.0379 | F70: 287.695 | G70: 409, 402, 499, 403, 101, 203, 202, 499, 9402, 9202, 409, 402, 101, 202, 203, 499, 403, 9402, 9202 | H70: 0 | I70: 0 | J70: 0 | K70: 0 | L70: 0 | M70: 0 | N70: 0 | O70: 0 | P70: 0 | Q70: -0.2442 | R70: 0 | S70: -0.2442 | T70: 101.7937 | U70: 287.0157 | V70: 2.8197 | W70: 2.3442 | X70: 6.4692 | Y70: 18.5392 | Z70: 240.6892 | AA70: 2 | AC70: 46053 | AD70: 2.0599 | AE70: 20.0574 | AF70: 5:2 | AG70: 0
A71: ADTV | B71: RM | C71: RM.ADTV.0070 | D71: Belgian Milk Chocolate Callets 2 bags x 5kg*CTN (CLM) | E71: 106.9859 | F71: 478.1276 | G71: 499, 108, 9402, 801, 602, 601, 9108, 9304, 701, 304, 9203, 499, 403, 108, 304, 301, 201, 203, 9304, 9402, 9108, 601, 403, 701, 9203, 801, 499, 201, 301, 203, 304, 602 | H71: 0 | I71: 0 | J71: 0 | K71: 0 | L71: 0 | M71: 0 | N71: 0 | O71: 0 | P71: -106.07 | Q71: -0.2442 | R71: 0 | S71: -106.3142 | T71: 0.6717 | U71: 3.0019 | V71: 4.469 | W71: 64.7102 | X71: 164.1742 | Y71: 364.1742 | Z71: 5364.1742 | AA71: 45535 | AB71: PYORITY.11/2024 | AC71: 46053 | AD71: 40.4638 | AE71: 447.0145 | AF71: 0:0 | AG71: 0
A72: ADTV | B72: RM | C72: RM.ADTV.0071 | D72: فتات البسكويت المكرمل ( سبيكيلوس) 2-4 ملم خشن | E72: 0 | F72: 0 | G72: 9204, 204, 601, 404, 201, 404, 601, 204, 201, 9204 | H72: 0 | I72: 0 | J72: 0 | K72: 0 | L72: 0 | M72: 0 | N72: 0 | O72: 0 | P72: 0 | Q72: 0 | R72: 0 | S72: 0 | T72: 0 | U72: 0 | V72: 1.9114 | W72: 0 | X72: 4200 | Y72: 4200 | Z72: 4956 | AA72: 2 | AC72: 45958 | AD72: 466.6666 | AE72: 413 | AF72: 0:0 | AG72: 0
A73: ADTV | B73: RM | C73: RM.ADTV.0072 | D73: Malt Powder Extract | V73: 3.2363 | W73: 0 | X73: 0 | Y73: 0 | Z73: 0 | AA73: 2 | AC73: 2 | AD73: 0 | AE73: 0
A74: ADTV | B74: RM | C74: RM.ADTV.0073 | D74: Chocolate Malt Crunchy | V74: 8.0086 | W74: 0 | X74: 0 | Y74: 0 | Z74: 0 | AA74: 2 | AC74: 2 | AD74: 0 | AE74: 0
A75: ADTV | B75: RM | C75: RM.ADTV.0074 | D75: Sweetened Condensed Creamer | V75: 6.4069 | W75: 0 | X75: 0 | Y75: 0 | Z75: 0 | AA75: 2 | AC75: 2 | AD75: 0 | AE75: 0
A76: ADTV | B76: RM | C76: RM.ADTV.0075 | D76: اصابع جوز عين الجمل | E76: 562.3262 | F76: 3936.2834 | G76: 9409, 499, 401, 409, 101, 409, 499, 401, 101, 499, 9409, 409, 9409, 101 | H76: 108.25 | I76: 0 | J76: 0 | K76: 0 | L76: 0 | M76: 108.25 | N76: 0 | O76: 0 | P76: 0 | Q76: -630.7092 | R76: 0 | S76: -630.7092 | T76: 39.867 | U76: 279.069 | V76: 7 | W76: 630.7092 | X76: 630.7092 | Y76: 630.7092 | Z76: 630.7092 | AA76: 46029 | AB76: شركة عبيد والنيربيه | AC76: 46053 | AD76: 70.0788 | AE76: 52.5591 | AF76: 0:22 | AG76: 757.75
A77: ADTV | B77: RM | C77: RM.ADTV.0076 | D77: Glitter dust silver-معرض عبدون | E77: 0 | F77: 0 | G77: 304, 304 | H77: 0.2 | I77: 0 | J77: 0 | K77: 0 | L77: 0 | M77: 0.2 | N77: -0.2 | O77: 0 | P77: 0 | Q77: 0 | R77: 0 | S77: -0.2 | T77: 0 | U77: 0 | V77: 86.205 | W77: 0 | X77: 0 | Y77: 0 | Z77: 0 | AA77: 46047 | AB77: شركة المحمودية لتجارة مستلزمات المخابز والحلويات | AC77: 2 | AD77: 0 | AE77: 0 | AG77: 17.241
A78: ADTV | B78: RM | C78: RM.ADTV.0077 | D78: Cremodan Se | V78: 5 | W78: 0 | X78: 0 | Y78: 0 | Z78: 0 | AA78: 2 | AC78: 2 | AD78: 0 | AE78: 0
A79: ADTV | B79: RM | C79: RM.ADTV.0078 | D79: Pea Protein Powder | V79: 3.6 | W79: 0 | X79: 0 | Y79: 0 | Z79: 0 | AA79: 2 | AC79: 2 | AD79: 0 | AE79: 0
A80: ADTV | B80: RM | C80: RM.ADTV.0079 | D80: Malic Acid | V80: 0 | W80: 0 | X80: 0 | Y80: 0 | Z80: 0 | AA80: 2 | AC80: 2 | AD80: 0 | AE80: 0
A81: ADTV | B81: RM | C81: RM.ADTV.0080 | D81: بيكنغ باودر | V81: 0 | W81: 0 | X81: 0 | Y81: 0 | Z81: 0 | AA81: 2 | AC81: 2 | AD81: 0 | AE81: 0
A82: ADTV | B82: RM | C82: RM.ADTV.0081 | D82: sodium alginate | V82: 0 | W82: 0 | X82: 0 | Y82: 0 | Z82: 0 | AA82: 2 | AC82: 2 | AD82: 0 | AE82: 0
A83: ADTV | B83: RM | C83: RM.ADTV.0082 | D83: Topping Base | V83: 0 | W83: 0 | X83: 0 | Y83: 0 | Z83: 0 | AA83: 2 | AC83: 2 | AD83: 0 | AE83: 0
A84: ASWT | B84: RM | C84: RM.ASWT.0001 | D84: عش البلبل | E84: 3502.111 | F84: 23665.519 | G84: 304, 401, 402, 499, 409, 9402, 9409, 304, 108, 101, 499, 402, 401, 409, 9402, 108, 101, 499, 409, 9409, 101 | H84: 612 | I84: 0 | J84: 0 | K84: 0 | L84: 0 | M84: 612 | N84: 0 | O84: 0 | P84: 0 | Q84: -4.2323 | R84: 0 | S84: -4.2323 | T84: 4109.8787 | U84: 26849.412 | V84: 5.0423 | W84: 4.2323 | X84: 281.6123 | Y84: 839.8973 | Z84: 4364.7973 | AA84: 46043 | AB84: شركة عبيد والنيربيه | AC84: 46053 | AD84: 93.3219 | AE84: 363.7331 | AF84: 11:8 | AG84: 3213
A85: ASWT | B85: RM | C85: RM.ASWT.0002 | D85: برازق سمسم | E85: 14.3 | F85: 73.9655 | G85: 9409, 101, 108, 409, 402, 499, 101, 108, 9409, 409, 499, 402 | H85: 0 | I85: 0 | J85: 0 | K85: 0 | L85: 0 | M85: 0 | N85: 0 | O85: 0 | P85: 0 | Q85: 0 | R85: 0 | S85: 0 | T85: 14.3 | U85: 73.9655 | V85: 5.1724 | W85: 3 | X85: 3 | Y85: 5.2 | Z85: 5.2 | AA85: 46021 | AB85: شركة مجمع البندر للحلويات والماكولات | AC85: 46019 | AD85: 0.5777 | AE85: 0.4333 | AF85: 33:0 | AG85: 0
A86: ASWT | B86: RM | C86: RM.ASWT.0003 | D86: البقلاوة | E86: 872.1028 | F86: 10242.985 | G86: 101, 9409, 108, 409, 9409, 499, 101, 9402, 401, 499, 402, 409, 101, 108, 409, 401, 402, 499, 9402, 9409 | H86: 214 | I86: 0 | J86: 0 | K86: 0 | L86: 0 | M86: 214 | N86: 0 | O86: 0 | P86: 0 | Q86: -1.686 | R86: 0 | S86: -1.686 | T86: 1084.4168 | U86: 12791.173 | V86: 12 | W86: 7.919 | X86: 12.509 | Y86: 242.575 | Z86: 1760.175 | AA86: 46053 | AB86: شركة عبيد والنيربيه | AC86: 46053 | AD86: 26.9527 | AE86: 146.6812 | AF86: 7:11 | AG86: 2568
A87: ASWT | B87: RM | C87: RM.ASWT.0004 | D87: اصابع الكاشو | E87: 449.6385 | F87: 3367.2238 | G87: 402, 101, 499, 101, 499, 402, 499 | H87: 0 | I87: 0 | J87: 0 | K87: 0 | L87: 0 | M87: 0 | N87: 0 | O87: 0 | P87: 0 | Q87: -1.2209 | R87: 0 | S87: -1.2209 | T87: 448.4176 | U87: 3358.0808 | V87: 7.4887 | W87: 1.2209 | X87: 1.2209 | Y87: 282.0129 | Z87: 1153.5129 | AA87: 45710 | AB87: شركة مجمع البندر للحلويات والماكولات | AC87: 46053 | AD87: 31.3347 | AE87: 96.126 | AF87: 4:19 | AG87: 0
A88: ASWT | B88: RM | C88: RM.ASWT.0005 | D88: برزاق سمسم حجم صغير | V88: 6.466 | W88: 0 | X88: 0 | Y88: 0 | Z88: 0 | AA88: 2 | AC88: 2 | AD88: 0 | AE88: 0
A89: ASWT | B89: RM | C89: RM.ASWT.0006 | D89: برازق سمسم من غير فستق حلبي | V89: 2.75 | W89: 0 | X89: 0 | Y89: 0 | Z89: 0 | AA89: 2 | AC89: 2 | AD89: 0 | AE89: 0
A90: BIS | B90: RM | C90: RM.BIS.0001 | D90: فتات الاوريو | E90: 18 | F90: 33.9117 | G90: 9404, 9402, 801, 402, 304, 306, 301, 305, 201, 202, 404, 501, 601, 403, 701, 602, 9108, 108, 101, 103, 102, 201, 301, 306, 202, 403, 305, 601, 404, 402, 9402, 304, 701, 9108, 801, 602, 501, 9404, 108, 103, 101, 102 | H90: 0 | I90: 0 | J90: 2 | K90: 0 | L90: 0 | M90: 2 | N90: 0 | O90: 0 | P90: 0 | Q90: 0 | R90: 0 | S90: 0 | T90: 20 | U90: 37.6797 | V90: 1.884 | W90: 0 | X90: 0 | Y90: 0.421 | Z90: 787.151 | AA90: 45476 | AB90: OREO.01/2024 | AC90: 45795 | AD90: 0.0467 | AE90: 65.5959 | AF90: 0:9 | AG90: 0
A91: BIS | B91: RM | C91: RM.BIS.0002 | D91: Extruded P White - Bags 10 Kg | E91: 3221.7924 | F91: 7938.892 | G91: 402, 306, 203, 499, 9108, 407, 403, 9407, 9402, 9403, 108, 101, 103, 102, 403, 306, 203, 499, 407, 402, 108, 103, 9403, 102, 101, 108, 499, 9407, 403, 9108, 103, 9402, 9403, 9108 | H91: 0 | I91: 0 | J91: 0 | K91: 0 | L91: 0 | M91: 0 | N91: 0 | O91: 0 | P91: 0 | Q91: -131.2556 | R91: 0 | S91: -131.2556 | T91: 3090.5368 | U91: 7615.486 | V91: 2.9974 | W91: 1406.2556 | X91: 2316.2556 | Y91: 3911.4806 | Z91: 4811.4806 | AA91: 45770 | AB91: EXTRUDED.02/2025 | AC91: 46053 | AD91: 434.6089 | AE91: 400.9567 | AF91: 7:21 | AG91: 0
A92: BIS | B92: RM | C92: RM.BIS.0003 | D92: فتات البسكويت خشن 8 كيلو | E92: 3209.4524 | F92: 5608.948 | G92: 9108, 304, 9402, 9405, 9112, 405, 9401, 9404, 499, 101, 107, 201, 102, 108, 402, 499, 401, 303, 305, 404, 601, 501, 203, 301, 201, 306, 403, 304, 102, 101, 107, 108, 112, 9405, 9402, 9401, 9404, 403, 501, 601, 405, 9108, 499, 9112, 203, 112, 306, 305, 301, 304, 402, 401, 303, 404 | H92: 0 | I92: 0 | J92: 0 | K92: 0 | L92: 0 | M92: 0 | N92: 0 | O92: 0 | P92: -0.983 | Q92: -3.2556 | R92: 0 | S92: -4.2386 | T92: 3205.2138 | U92: 5601.5405 | V92: 1.7476 | W92: 3.6156 | X92: 64.9276 | Y92: 744.1676 | Z92: 1446.5796 | AA92: 45257 | AB92: OMAN.35/2023 | AC92: 46053 | AD92: 82.6852 | AE92: 120.5483 | AF92: 26:17 | AG92: 0
A93: BIS | B93: RM | C93: RM.BIS.0004 | D93: بسكوت شاي | E93: 1.35 | F93: 0 | G93: 402, 409, 402, 409 | H93: 0 | I93: 0 | J93: 0 | K93: 0 | L93: 0 | M93: 0 | N93: 0 | O93: 0 | P93: 0 | Q93: 0 | R93: 0 | S93: 0 | T93: 1.35 | U93: 0 | V93: 0 | W93: 0 | X93: 0 | Y93: 0 | Z93: 0 | AA93: 2 | AC93: 2 | AD93: 0 | AE93: 0 | AG93: 0
A94: BIS | B94: RM | C94: RM.BIS.0005 | D94: بسكويت برتزل | E94: 272.7477 | F94: 909.159 | G94: 101, 499, 402, 499, 409, 101, 409, 402, 499 | H94: 0 | I94: 0 | J94: 0 | K94: 0 | L94: 0 | M94: 0 | N94: 0 | O94: 0 | P94: 0 | Q94: -0.7325 | R94: 0 | S94: -0.7325 | T94: 272.0152 | U94: 906.7173 | V94: 3.3333 | W94: 0.7325 | X94: 0.7325 | Y94: 1.9155 | Z94: 1.9155 | AA94: 45801 | AB94: Cash Customer - مورد | AC94: 46053 | AD94: 0.2128 | AE94: 0.1596 | AF94: 1704:2 | AG94: 0
A95: BIS | B95: RM | C95: RM.BIS.0006 | D95: COOKIE GRANULES 1CTN*14KG | E95: 10.555 | F95: 12.8941 | G95: 403, 9108, 499, 401, 306, 203, 9402, 9401, 499, 401, 101, 108, 102, 403, 203, 306, 9108, 9402, 9401, 108, 102, 101 | H95: 0 | I95: 0 | J95: 0 | K95: 0 | L95: 0 | M95: 0 | N95: 0 | O95: 0 | P95: 0 | Q95: 0 | R95: 0 | S95: 0 | T95: 10.555 | U95: 12.8941 | V95: 1.2216 | W95: 0 | X95: 0 | Y95: 0 | Z95: 0 | AA95: 44808 | AB95: FORTUNE.04/2022 | AC95: 45657 | AD95: 0 | AE95: 0 | AG95: 0
A96: BIS | B96: RM | C96: RM.BIS.0007 | D96: Oreo Biscuit 2-4 / bag 10kg | E96: 0 | F96: -0.0005 | G96: 9401, 9404, 403, 9405, 301, 304, 201, 101, 102, 104, 402, 401, 405, 404, 501, 601, 405, 601, 501, 9401, 9405, 9404, 108, 103, 201, 301, 101, 108, 104, 103, 102, 403, 304, 401, 402, 404 | H96: 0 | I96: 0 | J96: 0 | K96: 0 | L96: 0 | M96: 0 | N96: 0 | O96: 0 | P96: 0 | Q96: 0 | R96: 0 | S96: 0 | T96: 0 | U96: -0.0005 | V96: 1.8497 | W96: 0 | X96: 0 | Y96: 128.992 | Z96: 200.16 | AA96: 44437 | AB96: شركة بيكر للصناعات الغذائية / مورد | AC96: 45793 | AD96: 14.3324 | AE96: 16.68 | AF96: 0:0 | AG96: 0
A97: BIS | B97: RM | C97: RM.BIS.0008 | D97: فتات البسكويت المكرمل ( سبيكيلوس) 2-0 ملم | E97: 49769.226 | F97: 92232.231 | G97: 108, 405, 9112, 601, 499, 409, 9605, 9404, 9409, 112, 9405, 408, 9408, 9601, 108, 103, 9403, 104, 801, 102, 9408, 102, 403, 9405, 110, 9108, 9601, 405, 9102, 9103, 9112, 9110, 605, 801, 602, 501, 9403, 9402, 9406, 304, 9204, 701, 9108, 9401, 9301, 409, 406, 601, 404, 402, 499, 401, 408, 305, 204, 303, 101, 110, 107, 108, 103, 102, 112, 301, 201, 203, 202, 403, 304, 306, 104, 801, 499, 9103, 408, 9605, 9102, 9601, 9112, 9401, 9409, 9110, 9408, 9204, 9402, 9301, 9404, 9403, 9405, 9406, 402, 401, 405, 404, 409, 406, 501, 601, 602, 403, 701, 605, 9108, 101, 201, 112, 107, 202, 301, 305, 306, 203, 204, 304, 303 | H97: 181440 | I97: 0 | J97: 60 | K97: 0 | L97: 0 | M97: 181500 | N97: 0 | O97: 0 | P97: -66.179 | Q97: -88170.05 | R97: 0 | S97: -88236.229 | T97: 143033 | U97: 262301.96 | V97: 1.9414 | W97: 234281.45 | X97: 437821.2 | Y97: 662529.98 | Z97: 1004363.7 | AA97: 46042 | AB97: Vermeiren.08/2026 | AC97: 46053 | AD97: 73614.442 | AE97: 83696.978 | AF97: 1:21 | AG97: 332677.19
A98: BIS | B98: RM | C98: RM.BIS.0009 | D98: فتات الاوريو الداكنة | E98: 36449.713 | F98: 66673.642 | G98: 499, 108, 112, 405, 9112, 601, 103, 108, 9405, 103, 9408, 9601, 403, 9402, 408, 9405, 9403, 9605, 9404, 9601, 9408, 701, 9108, 601, 602, 801, 501, 605, 405, 9112, 9102, 402, 499, 408, 403, 404, 101, 108, 102, 103, 112, 104, 301, 499, 801, 9102, 408, 701, 403, 605, 9108, 9402, 9404, 9112, 9601, 9605, 9408, 9405, 9403, 101, 102, 104, 9403, 301, 112, 402, 404, 602, 601, 501, 405 | H98: 0 | I98: 0 | J98: 0 | K98: 0 | L98: 0 | M98: 0 | N98: 0 | O98: 0 | P98: 0 | Q98: -2059.4539 | R98: 0 | S98: -2059.4539 | T98: 34390.259 | U98: 62894.695 | V98: 1.835 | W98: 6611.1609 | X98: 6658.8659 | Y98: 6612.8659 | Z98: 6652.8659 | AA98: 45980 | AB98: شركة بحر الشوكولاتة لصناعة الشوكولاتة والحلويات | AC98: 46053 | AD98: 734.7628 | AE98: 554.4054 | AF98: 62:0 | AG98: 0
A99: BIS | B99: RM | C99: RM.BIS.0010 | D99: Sifted Bisc Crumbles 2-4mm 12 KG | E99: 144702.45 | F99: 289614.68 | G99: 101, 9301, 201, 107, 102, 103, 108, 9405, 102, 103, 9601, 499, 9409, 301, 108, 405, 9112, 9606, 601, 9605, 112, 409, 9405, 9601, 9401, 602, 9102, 9301, 9103, 801, 9112, 405, 605, 9402, 9403, 9204, 9406, 9108, 701, 606, 301, 201, 403, 305, 102, 103, 108, 101, 107, 112, 401, 499, 402, 204, 409, 601, 406, 9401, 9301, 9605, 9601, 9402, 9409, 9606, 9403, 9405, 9406, 9204, 301, 305, 204, 112, 401, 402, 499, 9103, 9102, 801, 9112, 9108, 403, 701, 606, 409, 406, 405, 605, 602, 601 | H99: 0 | I99: 48 | J99: 0 | K99: 0 | L99: 0 | M99: 48 | N99: 0 | O99: -4776 | P99: 0 | Q99: -11150.815 | R99: 0 | S99: -15926.815 | T99: 128823.63 | U99: 259670.66 | V99: 1.8993 | W99: 34040.981 | X99: 54302.051 | Y99: 79449.146 | Z99: 110978.81 | AA99: 45889 | AB99: VERMEIREN.40/2025 | AC99: 46053 | AD99: 8827.6829 | AE99: 9248.2342 | AF99: 13:27 | AG99: 0
A100: BIS | B100: RM | C100: RM.BIS.0011 | D100: Oreo (Shell) Course Crumbs/1kg x 10Bags | E100: 18308.914 | F100: 36532.277 | G100: 405, 409, 601, 602, 401, 402, 112, 301, 102, 101, 9403, 9405, 9408, 9409, 9401, 9601, 9112, 9402, 9301, 9108, 403, 701, 408, 9102, 9103, 801, 499, 301, 112, 103, 102, 108, 101, 409, 403, 408, 499, 402, 401, 9102, 9112, 405, 9103, 801, 602, 601, 9108, 701, 9301, 9401, 9408, 9601, 9403, 9405, 9402, 9601, 103, 108, 103, 101, 601, 9409, 301, 499 | H100: 11000 | I100: 0 | J100: 0 | K100: 0 | L100: 0 | M100: 11000 | N100: 0 | O100: -690 | P100: 0 | Q100: -22108.603 | R100: 0 | S100: -22798.603 | T100: 6510.3108 | U100: 12974.993 | V100: 2 | W100: 3649.854 | X100: 8408.996 | Y100: 10818.996 | Z100: 12715.996 | AA100: 46041 | AB100: شركة المتحده لصناعه البسكوت والحلويات | AC100: 46053 | AD100: 1202.1106 | AE100: 1059.6663 | AF100: 6:4 | AG100: 22000
...

Sheet M02
A1: SubCateg | B1: Categ | C1: ItemNo | D1: ItemDesc | E1: OpenQty | F1: OpenCost | G1: StoreList | H1: RecQty | I1: RetSaleQty | J1: AddQty | K1: RetIssueQty | L1: ProdRecQty | M1: TotalInQty | N1: RetRecQty | O1: SaleQty | P1: SubQty | Q1: IssueQty | R1: WriteOffQty | S1: TotalOutQty | T1: EndQty | U1: EndCost | V1: ItemUnitCost | W1: ConsQty3M | X1: ConsQty6M | Y1: ConsQty9M | Z1: ConsQty12M | AA1: Last Purchase Date | AB1: Last Purchase Vendor | AC1: LastIssueSaleDate | AD1: ConsMonRate9 | AE1: ConsMonRate12 | AF1: Coverage Period | AG1: Purchase Amount
A2: ADTV | B2: RM | C2: RM.ADTV.00001 | D2: ليسيتين الصويا | E2: 15826.959 | F2: 15387.53 | G2: 402, 409, 408, 405, 499, 403, 304, 401, 201, 306, 301, 108, 9403, 9401, 9408, 701, 102, 103, 9401, 9409, 9112, 9108, 801, 9403, 701, 605, 9103, 9102, 9408, 9402, 9405, 9605, 402, 499, 408, 9102, 9103, 401, 405, 409, 306, 403, 101, 102, 103, 108, 107, 112, 304, 301, 201, 107, 403, 101, 9405, 112, 408, 9112, 499, 405, 108, 9108, 9409, 9401, 102, 9605, 9409, 9408, 401, 409, 112, 801, 9108, 9112, 605, 9403, 9402, 9405 | H2: 17600 | I2: 0 | J2: 0 | K2: 0 | L2: 0 | M2: 17600 | N2: 0 | O2: 0 | P2: 0 | Q2: -8475.6764 | R2: 0 | S2: -8475.6764 | T2: 24951.282 | U2: 24542.627 | V2: 1.4901 | W2: 23002.43 | X2: 43337.827 | Y2: 64102.085 | Z2: 90189.624 | AA2: 46069 | AB2: Soy Lecithin.01/2026 | AC2: 46081 | AD2: 7122.4538 | AE2: 7515.8019 | AF2: 3:9 | AG2: 17402.5
A3: ADTV | B3: RM | C3: RM.ADTV.00002 | D3: Lecithin L | V3: 0 | W3: 0 | X3: 0 | Y3: 0 | Z3: 0 | AA3: 2 | AC3: 2 | AD3: 0 | AE3: 0
A4: ADTV | B4: RM | C4: RM.ADTV.00003 | D4: SALT | E4: 434.5315 | F4: 72.6757 | G4: 9405, 9402, 9403, 605, 801, 9112, 9108, 9304, 801, 112, 409, 401, 9408, 9409, 9605, 9401, 9409, 499, 9108, 108, 405, 9112, 408, 112, 9405, 101, 403, 304, 203, 112, 108, 103, 101, 403, 409, 405, 401, 408, 499, 402, 9605, 9405, 9402, 9408, 9304, 605, 9403, 801, 9108, 9112, 9409, 9401, 103, 9408, 9401, 9403, 108, 203, 401, 304, 403, 499, 405, 408, 409, 402 | H4: 675 | I4: 0 | J4: 0 | K4: 0 | L4: 0 | M4: 675 | N4: 0 | O4: 0 | P4: -2 | Q4: -821.0916 | R4: 0 | S4: -823.0916 | T4: 286.4399 | U4: 47.9078 | V4: 0.17 | W4: 2260.4731 | X4: 4021.3905 | Y4: 5698.4673 | Z4: 7677.9485 | AA4: 46072 | AB4: شركة عيسى ابراهيم وشركاه | AC4: 46081 | AD4: 633.163 | AE4: 639.829 | AF4: 0:13 | AG4: 112.892
A5: ADTV | B5: RM | C5: RM.ADTV.00004 | D5: مستحلب للشوكولاته | E5: 4787.8173 | F5: 10044.569 | G5: 112, 499, 405, 9108, 108, 101, 107, 403, 9405, 102, 9401, 9408, 9605, 9402, 499, 9112, 605, 9108, 9403, 9405, 107, 101, 102, 108, 112, 103, 301, 201, 402, 408, 306, 403, 401, 104, 405, 499, 408, 405, 402, 301, 401, 201, 306, 9112, 408, 112, 9408, 9403, 108, 103, 104, 102, 9401, 9112, 9108, 605, 403, 9402, 9605, 9405, 9403, 9408 | H5: 2975 | I5: 0 | J5: 0 | K5: 0 | L5: 0 | M5: 2975 | N5: 0 | O5: 0 | P5: 0 | Q5: -4098.1194 | R5: 0 | S5: -4098.1194 | T5: 3664.6979 | U5: 6778.0709 | V5: 1.8494 | W5: 11091.993 | X5: 22124.895 | Y5: 33343.083 | Z5: 47282.995 | AA5: 46078 | AB5: زهرة يافا للتجارة JFT | AC5: 46081 | AD5: 3704.787 | AE5: 3940.2496 | AF5: 0:27 | AG5: 5206.25
A6: ADTV | B6: RM | C6: RM.ADTV.00005 | D6: Instant coffee type B20 | E6: 267.0444 | F6: 2169.4711 | G6: 402, 409, 408, 405, 499, 403, 401, 306, 108, 9403, 9408, 102, 9401, 9112, 9108, 9403, 605, 9408, 9402, 9405, 402, 499, 401, 405, 409, 403, 306, 101, 102, 108, 112, 403, 101, 9405, 112, 408, 9112, 405, 108, 499, 9401, 112, 9108, 9112, 605, 9403, 9402, 9405 | H6: 300 | I6: 0 | J6: 0 | K6: 0 | L6: 0 | M6: 300 | N6: 0 | O6: 0 | P6: 0 | Q6: -455.6434 | R6: 0 | S6: -455.6434 | T6: 111.401 | U6: 896.2331 | V6: 8.3621 | W6: 867.2488 | X6: 1228.8453 | Y6: 1666.1833 | Z6: 2034.5683 | AA6: 46076 | AB6: الشركة الوطنية للتجارة والتوزيع | AC6: 46081 | AD6: 185.1314 | AE6: 169.5473 | AF6: 0:19 | AG6: 2508.621
A7: ADTV | B7: RM | C7: RM.ADTV.00006 | D7: Indian barley powder 25 KG | E7: 0 | F7: 0 | G7: 403, 403 | H7: 0 | I7: 0 | J7: 0 | K7: 0 | L7: 0 | M7: 0 | N7: 0 | O7: 0 | P7: 0 | Q7: 0 | R7: 0 | S7: 0 | T7: 0 | U7: 0 | V7: 2.598 | W7: 0 | X7: 0 | Y7: 0 | Z7: 0 | AA7: 2 | AC7: 2 | AD7: 0 | AE7: 0 | AG7: 0
A8: ADTV | B8: RM | C8: RM.ADTV.00007 | D8: Krystal Malt Dark 80 /25 kg | E8: 0 | F8: 0 | G8: 101, 107, 101, 102, 107, 304, 401, 401, 102, 304 | H8: 0 | I8: 0 | J8: 0 | K8: 0 | L8: 0 | M8: 0 | N8: 0 | O8: 0 | P8: 0 | Q8: 0 | R8: 0 | S8: 0 | T8: 0 | U8: 0 | V8: 2.499 | W8: 0 | X8: 0 | Y8: 0 | Z8: 0 | AA8: 2 | AC8: 45606 | AD8: 0 | AE8: 0 | AG8: 0
A9: ADTV | B9: RM | C9: RM.ADTV.00008 | D9: Malt Extract Powder / 25 KG | E9: 0 | F9: 0 | G9: 101, 107, 9401, 9108, 801, 9402, 401, 403, 101, 102, 108, 107, 403, 401, 108, 102, 9401, 9108, 801, 9402 | H9: 0 | I9: 0 | J9: 0 | K9: 0 | L9: 0 | M9: 0 | N9: 0 | O9: 0 | P9: 0 | Q9: 0 | R9: 0 | S9: 0 | T9: 0 | U9: 0 | V9: 2.517 | W9: 0 | X9: 0 | Y9: 0 | Z9: 0 | AA9: 2 | AC9: 45606 | AD9: 0 | AE9: 0 | AG9: 0
A10: ADTV | B10: RM | C10: RM.ADTV.00009 | D10: Roko Gel Powder | E10: 0 | F10: 0 | G10: 102, 301, 301, 102, 101, 101 | H10: 0 | I10: 0 | J10: 0 | K10: 0 | L10: 0 | M10: 0 | N10: 0 | O10: 0 | P10: 0 | Q10: 0 | R10: 0 | S10: 0 | T10: 0 | U10: 0 | V10: 15.6404 | W10: 0 | X10: 0 | Y10: 0 | Z10: 0 | AA10: 45035 | AB10: ROKO.01/2023 | AC10: 45041 | AD10: 0 | AE10: 0 | AG10: 0
A11: ADTV | B11: RM | C11: RM.ADTV.00010 | D11: NESCAFE 0.475 GM / 12*1 | E11: 0 | F11: 0 | G11: 402, 402 | H11: 0 | I11: 0 | J11: 0 | K11: 0 | L11: 0 | M11: 0 | N11: 0 | O11: 0 | P11: 0 | Q11: 0 | R11: 0 | S11: 0 | T11: 0 | U11: 0 | V11: 0 | W11: 0 | X11: 0 | Y11: 0 | Z11: 0 | AA11: 2 | AC11: 44560 | AD11: 0 | AE11: 0 | AG11: 0
A12: ADTV | B12: RM | C12: RM.ADTV.00011 | D12: CALCIUM CHLORIDE 77%) | E12: 25.15 | F12: 22.6345 | G12: 9402, 9108, 605, 108, 403, 306, 499, 306, 108, 499, 403, 605, 9108, 9402 | H12: 0 | I12: 0 | J12: 0 | K12: 0 | L12: 0 | M12: 0 | N12: 0 | O12: 0 | P12: 0 | Q12: 0 | R12: 0 | S12: 0 | T12: 25.15 | U12: 22.6345 | V12: 0.9 | W12: 0 | X12: 21.98 | Y12: 21.98 | Z12: 21.98 | AA12: 45845 | AB12: زهرة يافا للتجارة JFT | AC12: 45943 | AD12: 2.4422 | AE12: 1.8316 | AF12: 13:21 | AG12: 0
A13: ADTV | B13: RM | C13: RM.ADTV.00012 | D13: CITRICACID MONOHYDRATE 25KG | E13: 0 | F13: 0 | G13: 403, 403 | H13: 0 | I13: 0 | J13: 0 | K13: 0 | L13: 0 | M13: 0 | N13: 0 | O13: 0 | P13: 0 | Q13: 0 | R13: 0 | S13: 0 | T13: 0 | U13: 0 | V13: 0.86 | W13: 0 | X13: 0 | Y13: 0 | Z13: 0 | AA13: 2 | AC13: 44915 | AD13: 0 | AE13: 0 | AG13: 0
A14: ADTV | B14: RM | C14: RM.ADTV.00013 | D14: مميع للشوكولاته | E14: 4089.0563 | F14: 18920.259 | G14: 9401, 9112, 9409, 9403, 9108, 801, 9408, 9405, 9402, 401, 201, 306, 108, 402, 408, 499, 405, 409, 403, 9408, 9409, 9402, 9405, 9403, 9108, 9112, 401, 9409, 9108, 108, 409, 112, 801, 9401, 102, 408, 101, 112, 9112, 405, 107, 403, 499, 9405, 9401, 9408, 9403, 104, 102, 103, 108, 112, 107, 101, 102, 103, 104, 201, 499, 408, 402, 403, 306, 401, 409, 405 | H14: 1500 | I14: 0 | J14: 0 | K14: 0 | L14: 0 | M14: 1500 | N14: 0 | O14: 0 | P14: -0.227 | Q14: -1884.7813 | R14: 0 | S14: -1885.0083 | T14: 3704.048 | U14: 17156.918 | V14: 3.3964 | W14: 5810.2396 | X14: 11604.38 | Y14: 17807.511 | Z14: 25402.189 | AA14: 46055 | AB14: زهرة يافا للتجارة JFT | AC14: 46081 | AD14: 1978.6122 | AE14: 2116.849 | AF14: 1:22 | AG14: 6825
A15: ADTV | B15: RM | C15: RM.ADTV.00014 | D15: Ethanol 99.8% | V15: 0 | W15: 0 | X15: 0 | Y15: 0 | Z15: 0 | AA15: 2 | AC15: 2 | AD15: 0 | AE15: 0
A16: ADTV | B16: RM | C16: RM.ADTV.00015 | D16: GLYCERINE BP 250KG | E16: 2855.4954 | F16: 5710.9908 | G16: 9403, 9405, 9605, 9402, 403, 605, 9108, 9112, 102, 108, 9403, 112, 9112, 306, 301, 402, 405, 499, 405, 403, 306, 402, 301, 112, 108, 102, 101, 9405, 9403, 9108, 605, 9112, 499, 9402, 9605, 403, 101, 108, 499, 112 | H16: 0 | I16: 0 | J16: 0 | K16: 0 | L16: 0 | M16: 0 | N16: 0 | O16: 0 | P16: 0 | Q16: -78.2632 | R16: 0 | S16: -78.2632 | T16: 2777.2322 | U16: 5554.4644 | V16: 2 | W16: 577.3534 | X16: 1412.7034 | Y16: 2282.7034 | Z16: 2831.7034 | AA16: 46000 | AB16: زهرة يافا للتجارة JFT | AC16: 46081 | AD16: 253.6337 | AE16: 235.9752 | AF16: 11:23 | AG16: 0
A17: ADTV | B17: RM | C17: RM.ADTV.00016 | D17: بروبلين | E17: 1450.1735 | F17: 3293.0533 | G17: 9405, 9402, 9403, 605, 9112, 9108, 112, 499, 108, 9112, 112, 101, 403, 107, 112, 108, 107, 102, 101, 201, 403, 405, 499, 402, 9405, 9402, 605, 9403, 9108, 9112, 102, 9403, 108, 201, 499, 403, 405, 402 | H17: 0 | I17: 0 | J17: 0 | K17: 0 | L17: 0 | M17: 0 | N17: 0 | O17: 0 | P17: 0 | Q17: -15.6234 | R17: 0 | S17: -15.6234 | T17: 1434.5501 | U17: 3258.8767 | V17: 2.1261 | W17: 110.2548 | X17: 272.2768 | Y17: 635.6048 | Z17: 738.6708 | AA17: 45522 | AB17: زهرة يافا للتجارة JFT | AC17: 46081 | AD17: 70.6227 | AE17: 61.5559 | AF17: 23:9 | AG17: 0
A18: ADTV | B18: RM | C18: RM.ADTV.00017 | D18: SODIUM CARBOXYMETHYL CELLULOSE / CMC 25KG | E18: 206.1675 | F18: 670.0962 | G18: 405, 403, 499, 201, 306, 108, 9403, 102, 9112, 9108, 9403, 605, 9402, 9405, 9605, 499, 405, 403, 306, 201, 101, 102, 108, 112, 403, 101, 112, 9112, 108, 499, 112, 9605, 9112, 605, 9403, 9108, 9402, 9405 | H18: 0 | I18: 0 | J18: 0 | K18: 0 | L18: 0 | M18: 0 | N18: 0 | O18: 0 | P18: 0 | Q18: -3.3864 | R18: 0 | S18: -3.3864 | T18: 202.7811 | U18: 659.0889 | V18: 3.2501 | W18: 23.1648 | X18: 155.6888 | Y18: 189.5608 | Z18: 210.9348 | AA18: 46000 | AB18: زهرة يافا للتجارة JFT | AC18: 46081 | AD18: 21.0623 | AE18: 17.5779 | AF18: 11:16 | AG18: 0
A19: ADTV | B19: RM | C19: RM.ADTV.00018 | D19: XANTHAN GUM 25KG | E19: 173.2294 | F19: 606.3099 | G19: 112, 499, 108, 101, 403, 9402, 499, 9112, 9108, 9403, 9405, 101, 102, 108, 112, 403, 405, 499, 405, 9112, 112, 9403, 108, 102, 9112, 9108, 403, 9402, 9405, 9403 | H19: 0 | I19: 0 | J19: 0 | K19: 0 | L19: 0 | M19: 0 | N19: 0 | O19: 0 | P19: 0 | Q19: -3.3864 | R19: 0 | S19: -3.3864 | T19: 169.843 | U19: 594.4567 | V19: 3.5 | W19: 23.1648 | X19: 55.6888 | Y19: 89.5608 | Z19: 110.9348 | AA19: 46000 | AB19: زهرة يافا للتجارة JFT | AC19: 46081 | AD19: 9.9512 | AE19: 9.2445 | AF19: 18:11 | AG19: 0
A20: ADTV | B20: RM | C20: RM.ADTV.00019 | D20: GUAR GUM POWDER 25KG | E20: 127.1777 | F20: 254.3621 | G20: 405, 403, 499, 201, 102, 101, 112, 108, 102, 9403, 499, 403, 9112, 112, 101, 108, 112, 9112, 9108, 9403, 9405, 9402, 403, 499, 405, 108, 201, 9402, 9405, 9108, 9403, 9112 | H20: 0 | I20: 0 | J20: 0 | K20: 0 | L20: 0 | M20: 0 | N20: 0 | O20: 0 | P20: 0 | Q20: -3.1422 | R20: 0 | S20: -3.1422 | T20: 124.0355 | U20: 248.0773 | V20: 2 | W20: 22.6764 | X20: 55.2004 | Y20: 89.0724 | Z20: 110.4464 | AA20: 45258 | AB20: زهرة يافا للتجارة JFT | AC20: 46081 | AD20: 9.8969 | AE20: 9.2038 | AF20: 13:14 | AG20: 0
A21: ADTV | B21: RM | C21: RM.ADTV.00020 | D21: زيت القرفة | E21: 168.2417 | F21: 4237.9784 | G21: 403, 401, 405, 306, 499, 408, 402, 108, 101, 102, 105, 112, 201, 605, 9108, 9402, 9408, 9605, 9112, 9405, 9403, 101, 105, 405, 112, 499, 9405, 108, 9408, 408, 9112, 112, 9401, 403, 499, 408, 605, 402, 405, 108, 102, 306, 401, 201, 9402, 9605, 9405, 9108, 9401, 9112, 9408, 9403 | H21: 0 | I21: 0 | J21: 0 | K21: 0 | L21: 0 | M21: 0 | N21: 0 | O21: 0 | P21: 0 | Q21: -16.5694 | R21: 0 | S21: -16.5694 | T21: 151.6723 | U21: 3830.6601 | V21: 25.4282 | W21: 39.4596 | X21: 68.3536 | Y21: 98.3426 | Z21: 135.2264 | AA21: 45943 | AB21: Cinnamon.01/2025 | AC21: 46081 | AD21: 10.9269 | AE21: 11.2688 | AF21: 13:13 | AG21: 0
A22: ADTV | B22: RM | C22: RM.ADTV.00021 | D22: طحينية سائلة | E22: 197.4467 | F22: 429.3087 | G22: 9405, 9402, 605, 801, 9605, 9409, 9408, 9401, 112, 499, 108, 9108, 405, 408, 9112, 112, 111, 101, 9405, 108, 111, 101, 306, 405, 401, 409, 499, 408, 402, 9605, 9405, 9402, 9408, 605, 9108, 801, 9112, 9401, 9409, 9408, 108, 306, 401, 499, 405, 409, 402, 408 | H22: 900 | I22: 0 | J22: 333.98 | K22: 0 | L22: 0 | M22: 1233.98 | N22: 0 | O22: 0 | P22: 0 | Q22: -934.2442 | R22: 0 | S22: -934.2442 | T22: 497.1825 | U22: 1058.6939 | V22: 2.0585 | W22: 1261.1884 | X22: 1268.2414 | Y22: 1268.2414 | Z22: 1416.2004 | AA22: 46071 | AB22: شركة حقول السمسم للصناعات الغذائية | AC22: 46081 | AD22: 140.9157 | AE22: 118.0167 | AF22: 4:6 | AG22: 1890
A23: ADTV | B23: RM | C23: RM.ADTV.00022 | D23: جيلاتين حيواني | E23: 0 | F23: 0 | G23: 301, 301 | H23: 0 | I23: 0 | J23: 0 | K23: 0 | L23: 0 | M23: 0 | N23: 0 | O23: 0 | P23: 0 | Q23: 0 | R23: 0 | S23: 0 | T23: 0 | U23: 0 | V23: 7.4138 | W23: 0 | X23: 0 | Y23: 0 | Z23: 0 | AA23: 45364 | AB23: شركة اياد خرفان وشركاه - مورد | AC23: 45364 | AD23: 0 | AE23: 0 | AG23: 0
A24: ADTV | B24: RM | C24: RM.ADTV.00023 | D24: Oil Binder | E24: 254.7779 | F24: 1324.8451 | G24: 306, 401, 402, 405, 408, 108, 112, 101, 102, 104, 499, 9112, 605, 9108, 9405, 9401, 9402, 9605, 9408, 112, 112, 101, 499, 108, 9405, 405, 499, 605, 9401, 9112, 9108, 9408, 9402, 9605, 9405, 108, 104, 102, 9408, 408, 9112, 401, 306, 405, 402, 408 | H24: 500 | I24: 0 | J24: 0 | K24: 0 | L24: 0 | M24: 500 | N24: 0 | O24: 0 | P24: 0 | Q24: -102.3677 | R24: 0 | S24: -102.3677 | T24: 652.4102 | U24: 3392.533 | V24: 6.249 | W24: 248.0424 | X24: 732.4534 | Y24: 1291.3214 | Z24: 1982.5334 | AA24: 46071 | AB24: كوينكا للمواد والمكونات الغذائية والكيميائية | AC24: 46081 | AD24: 143.4801 | AE24: 165.2111 | AF24: 3:28 | AG24: 2600
A25: ADTV | B25: RM | C25: RM.ADTV.00024 | D25: Water | E25: 4962.7253 | F25: 496.2725 | G25: 9402, 9304, 9409, 9403, 403, 499, 402, 304, 409, 304, 403, 402, 409, 499, 9402, 9403, 9304, 9409, 409, 403, 499 | H25: 2000 | I25: 0 | J25: 2000 | K25: 0 | L25: 0 | M25: 4000 | N25: 0 | O25: 0 | P25: 0 | Q25: -2475.4366 | R25: 0 | S25: -2475.4366 | T25: 6487.2887 | U25: 488.5376 | V25: 0.001 | W25: 5348.4472 | X25: 8990.4242 | Y25: 12194.378 | Z25: 15080.961 | AA25: 2 | AC25: 46081 | AD25: 1354.9309 | AE25: 1256.7467 | AF25: 5:4 | AG25: 2
A26: ADTV | B26: RM | C26: RM.ADTV.00025 | D26: عجينة كنافة خالي من السكر | V26: 0 | W26: 0 | X26: 0 | Y26: 0 | Z26: 0 | AA26: 2 | AC26: 2 | AD26: 0 | AE26: 0
A27: ADTV | B27: RM | C27: RM.ADTV.00026 | D27: طحين | E27: 7.15 | F27: 0.0143 | G27: 605, 9108, 499, 402, 108, 9108, 605, 499, 402, 108 | H27: 0 | I27: 0 | J27: 0 | K27: 0 | L27: 0 | M27: 0 | N27: 0 | O27: 0 | P27: 0 | Q27: 0 | R27: 0 | S27: 0 | T27: 7.15 | U27: 0.0143 | V27: 0.002 | W27: 0 | X27: 42.85 | Y27: 42.85 | Z27: 42.85 | AA27: 2 | AC27: 45943 | AD27: 4.7611 | AE27: 3.5708 | AF27: 2:0 | AG27: 0
A28: ADTV | B28: RM | C28: RM.ADTV.00027 | D28: طحين زهرة 50 ك | E28: 0 | F28: 0 | G28: 108, 403, 9108, 605, 108, 605, 403, 9108 | H28: 0 | I28: 0 | J28: 0 | K28: 0 | L28: 0 | M28: 0 | N28: 0 | O28: 0 | P28: 0 | Q28: 0 | R28: 0 | S28: 0 | T28: 0 | U28: 0 | V28: 0.002 | W28: 0 | X28: 39 | Y28: 39 | Z28: 39 | AA28: 45190 | AB28: شركة اياد خرفان وشركاه - مورد | AC28: 45943 | AD28: 4.3333 | AE28: 3.25 | AF28: 0:0 | AG28: 0
A29: ADTV | B29: RM | C29: RM.ADTV.00028 | D29: بيكنج باودر | E29: 0.1 | F29: 0.89 | G29: 402, 499, 402, 499 | H29: 0 | I29: 0 | J29: 0 | K29: 0 | L29: 0 | M29: 0 | N29: 0 | O29: 0 | P29: 0 | Q29: 0 | R29: 0 | S29: 0 | T29: 0.1 | U29: 0.89 | V29: 8.9 | W29: 0 | X29: 0 | Y29: 0 | Z29: 0 | AA29: 45246 | AB29: Cash Customer - مورد | AC29: 2 | AD29: 0 | AE29: 0 | AG29: 0
A30: ADTV | B30: RM | C30: RM.ADTV.00029 | D30: Gelatin Powder – Abdoun showroom | E30: 1 | F30: 13.1 | G30: 304, 304 | H30: 0 | I30: 0 | J30: 0 | K30: 0 | L30: 0 | M30: 0 | N30: 0 | O30: 0 | P30: 0 | Q30: 0 | R30: 0 | S30: 0 | T30: 1 | U30: 13.1 | V30: 13.1 | W30: 0 | X30: 0 | Y30: 0 | Z30: 0 | AA30: 45854 | AB30: شركة الكونية للاستيراد والتصدير | AC30: 2 | AD30: 0 | AE30: 0 | AG30: 0
A31: ADTV | B31: RM | C31: RM.ADTV.00030 | D31: بوردة تشيز كيك | V31: 0 | W31: 0 | X31: 0 | Y31: 0 | Z31: 0 | AA31: 2 | AC31: 2 | AD31: 0 | AE31: 0
A32: ADTV | B32: RM | C32: RM.ADTV.00031 | D32: شوفان | E32: 189.3172 | F32: 167.3473 | G32: 112, 108, 405, 409, 401, 108, 499, 112, 9409, 9409, 9401, 801, 409, 9405, 9112, 499, 405, 409, 401, 108, 9405, 9112, 9401, 9409, 801, 499 | H32: 0 | I32: 0 | J32: 0 | K32: 0 | L32: 0 | M32: 0 | N32: 0 | O32: 0 | P32: 0 | Q32: -12.4085 | R32: 0 | S32: -12.4085 | T32: 176.9087 | U32: 155.4622 | V32: 0.8721 | W32: 139.139 | X32: 272.463 | Y32: 304.416 | Z32: 325.401 | AA32: 45995 | AB32: مطاحن الدبور الذهبي | AC32: 46081 | AD32: 33.824 | AE32: 27.1167 | AF32: 6:15 | AG32: 0
A33: ADTV | B33: RM | C33: RM.ADTV.00032 | D33: Malt Dextrin 25 kg | V33: 0 | W33: 0 | X33: 0 | Y33: 0 | Z33: 0 | AA33: 2 | AC33: 2 | AD33: 0 | AE33: 0
A34: ADTV | B34: RM | C34: RM.ADTV.00033 | D34: egg | E34: 60 | F34: 4.824 | G34: 499, 402, 304, 499, 402, 304 | H34: 0 | I34: 0 | J34: 0 | K34: 0 | L34: 0 | M34: 0 | N34: 0 | O34: 0 | P34: 0 | Q34: 0 | R34: 0 | S34: 0 | T34: 60 | U34: 4.824 | V34: 0.0804 | W34: 0 | X34: 0 | Y34: 0 | Z34: 0 | AA34: 45693 | AB34: Cash Customer - مورد | AC34: 2 | AD34: 0 | AE34: 0 | AG34: 0
A35: ADTV | B35: RM | C35: RM.ADTV.00034 | D35: Yeast instant dry bakmate blue | E35: 0 | F35: 0 | G35: 9605, 301, 305, 605, 9605, 605, 301, 305 | H35: 0 | I35: 0 | J35: 0 | K35: 0 | L35: 0 | M35: 0 | N35: 0 | O35: 0 | P35: 0 | Q35: 0 | R35: 0 | S35: 0 | T35: 0 | U35: 0 | V35: 2.3239 | W35: 7069.95 | X35: 3382.65 | Y35: 24638.85 | Z35: 40856.85 | AA35: 45197 | AB35: YEAST.03/2023 | AC35: 46008 | AD35: 2737.65 | AE35: 3404.7375 | AF35: 0:0 | AG35: 0
A36: ADTV | B36: RM | C36: RM.ADTV.00035 | D36: Marsh Mallows | E36: 0 | F36: 0 | G36: 402, 402 | H36: 0 | I36: 0 | J36: 0 | K36: 0 | L36: 0 | M36: 0 | N36: 0 | O36: 0 | P36: 0 | Q36: 0 | R36: 0 | S36: 0 | T36: 0 | U36: 0 | V36: 0.862 | W36: 0 | X36: 0 | Y36: 0 | Z36: 0 | AA36: 2 | AC36: 2 | AD36: 0 | AE36: 0 | AG36: 0
A37: ADTV | B37: RM | C37: RM.ADTV.00036 | D37: فريش كريم | E37: 41.9 | F37: 149.9155 | G37: 401, 409, 499, 9102, 402, 304, 108, 102, 101, 801, 9304, 9409, 101, 9409, 102, 103, 304, 409, 101, 9103, 102, 103, 9103, 9102, 402, 304, 499, 409, 401, 108, 9304, 9409, 801 | H37: 84 | I37: 0 | J37: 0 | K37: 0 | L37: 0 | M37: 84 | N37: 0 | O37: 0 | P37: 0 | Q37: -36.294 | R37: 0 | S37: -36.294 | T37: 89.606 | U37: 319.7715 | V37: 3.8679 | W37: 36.294 | X37: 39.237 | Y37: 39.237 | Z37: 39.237 | AA37: 46079 | AB37: شركة المحمودية لتجارة مستلزمات المخابز والحلويات | AC37: 46079 | AD37: 4.3596 | AE37: 3.2697 | AF37: 27:12 | AG37: 299.086
A38: ADTV | B38: RM | C38: RM.ADTV.00037 | D38: عجينه خشنه | E38: 0 | F38: 0 | G38: 101, 402, 101, 402 | H38: 0 | I38: 0 | J38: 0 | K38: 0 | L38: 0 | M38: 0 | N38: 0 | O38: 0 | P38: 0 | Q38: 0 | R38: 0 | S38: 0 | T38: 0 | U38: 0 | V38: 4.31 | W38: 0 | X38: 0 | Y38: 0 | Z38: 0 | AA38: 45525 | AB38: شركة (سالي للتسويق) | AC38: 45532 | AD38: 0 | AE38: 0 | AG38: 0
A39: ADTV | B39: RM | C39: RM.ADTV.00038 | D39: عجينة كنافة Free sugar | E39: 238.1682 | F39: 404.8859 | G39: 408, 402, 405, 499, 304, 401, 306, 108, 9408, 9401, 9112, 801, 9108, 9408, 9304, 9402, 9405, 402, 408, 499, 401, 306, 108, 112, 304, 9405, 112, 9112, 408, 405, 108, 499, 112, 9401, 9408, 801, 9112, 9304, 9402, 9405, 9108 | H39: 0 | I39: 0 | J39: 0 | K39: 0 | L39: 0 | M39: 0 | N39: 0 | O39: 0 | P39: 0 | Q39: -162.3535 | R39: 0 | S39: -162.3535 | T39: 75.8147 | U39: 128.885 | V39: 1.9719 | W39: 224.34 | X39: 329.971 | Y39: 449.354 | Z39: 449.354 | AA39: 45988 | AB39: شركة عبيد والنيربيه | AC39: 46081 | AD39: 49.9282 | AE39: 37.4461 | AF39: 2:0 | AG39: 0
A40: ADTV | B40: RM | C40: RM.ADTV.00039 | D40: غزل البنات | V40: 0 | W40: 0 | X40: 0 | Y40: 0 | Z40: 0 | AA40: 2 | AC40: 2 | AD40: 0 | AE40: 0
A41: ADTV | B41: RM | C41: RM.ADTV.00040 | D41: Sweetened Condensed Milk | E41: 11016.598 | F41: 22375.322 | G41: 9402, 403, 605, 9108, 801, 9401, 102, 103, 108, 401, 402, 499, 301, 401, 403, 402, 108, 103, 102, 101, 301, 9108, 605, 801, 499, 9402, 9401, 101, 499 | H41: 0 | I41: 0 | J41: 0 | K41: 0 | L41: 0 | M41: 0 | N41: 0 | O41: 0 | P41: 0 | Q41: -11.406 | R41: 0 | S41: -11.406 | T41: 11005.192 | U41: 22347.886 | V41: 2.0307 | W41: 22.812 | X41: 85.812 | Y41: 85.812 | Z41: 85.812 | AA41: 45256 | AB41: Sweetened.02/2023 | AC41: 46081 | AD41: 9.5346 | AE41: 7.151 | AF41: 1538:29 | AG41: 0
A42: ADTV | B42: RM | C42: RM.ADTV.00041 | D42: Resistamy 368 - 25 kg | E42: 4447.1783 | F42: 16899.278 | G42: 402, 499, 403, 102, 108, 306, 301, 9403, 9110, 9108, 9112, 605, 9102, 9402, 102, 112, 108, 110, 301, 402, 499, 9102, 403, 306, 403, 112, 499, 9108, 108, 9112, 110, 9403, 112, 102, 9108, 9110, 9112, 605, 9403, 9402 | H42: 0 | I42: 0 | J42: 0 | K42: 0 | L42: 0 | M42: 0 | N42: 0 | O42: 0 | P42: 0 | Q42: -69.5484 | R42: 0 | S42: -69.5484 | T42: 4377.6299 | U42: 16634.994 | V42: 3.8 | W42: 74.7108 | X42: 266.1218 | Y42: 348.0038 | Z42: 383.0258 | AA42: 44887 | AB42: شركة نبيل احمد محمد اسماعيل وشريكته | AC42: 46081 | AD42: 38.667 | AE42: 31.9188 | AF42: 137:4 | AG42: 0
A43: ADTV | B43: RM | C43: RM.ADTV.00042 | D43: عجينة كنافة خشنة | E43: 8512.0359 | F43: 13834.719 | G43: 9402, 9405, 9605, 9406, 605, 9112, 801, 9108, 406, 9409, 9408, 9401, 304, 112, 409, 9408, 110, 9304, 9112, 408, 108, 9108, 405, 499, 9405, 112, 101, 306, 403, 401, 405, 408, 499, 402, 409, 304, 110, 108, 112, 101, 9402, 9406, 9605, 9405, 9304, 605, 9112, 9108, 801, 9409, 9401, 9408, 306, 401, 108, 403, 499, 408, 406, 402, 304, 409, 405 | H43: 14600 | I43: 0 | J43: 1137.225 | K43: 0 | L43: 0 | M43: 15737.225 | N43: 0 | O43: 0 | P43: 0 | Q43: -17765.674 | R43: 0 | S43: -17765.674 | T43: 6483.5871 | U43: 10419.195 | V43: 1.5929 | W43: 45271.747 | X43: 113198.65 | Y43: 177890.82 | Z43: 253802.65 | AA43: 46081 | AB43: رمضان ابولبه واولاده - مورد | AC43: 46081 | AD43: 19765.647 | AE43: 21150.221 | AF43: 0:9 | AG43: 23504
A44: ADTV | B44: RM | C44: RM.ADTV.00043 | D44: مميع | E44: 2287.1641 | F44: 9148.6564 | G44: 402, 408, 405, 409, 499, 403, 605, 108, 401, 306, 9108, 9112, 9401, 9409, 9403, 9408, 9605, 9405, 9402, 108, 112, 101, 102, 402, 408, 499, 405, 401, 409, 403, 306, 9108, 9403, 605, 9112, 9405, 9605, 9408, 9409, 9402, 9108, 9409, 108, 112, 401, 9401, 102, 409, 9405, 499, 112, 101, 403, 102, 9408, 9401, 9403, 408, 9112 | H44: 0 | I44: 0 | J44: 0 | K44: 0 | L44: 0 | M44: 0 | N44: 0 | O44: 0 | P44: 0 | Q44: -499.3107 | R44: 0 | S44: -499.3107 | T44: 1787.8534 | U44: 7151.4136 | V44: 4 | W44: 1673.4974 | X44: 3265.4274 | Y44: 5139.2954 | Z44: 6980.7684 | AA44: 46000 | AB44: شركة وديع فينان وشركاه | AC44: 46081 | AD44: 571.0328 | AE44: 581.7307 | AF44: 3:2 | AG44: 0
A45: ADTV | B45: RM | C45: RM.ADTV.00044 | D45: البوتاسيوم سوربات | E45: 127.3667 | F45: 459.1889 | G45: 9112, 9103, 9403, 110, 102, 403, 112, 499, 102, 103, 112, 108, 9402, 9605, 9112, 605, 9403, 9108, 403, 306, 499, 9102, 102, 110, 112, 108, 9402, 9605, 9403, 9112, 9108, 306, 108, 103, 605, 9103, 9102, 403, 499 | H45: 0 | I45: 0 | J45: 0 | K45: 0 | L45: 0 | M45: 0 | N45: 0 | O45: 0 | P45: 0 | Q45: -2.2382 | R45: 0 | S45: -2.2382 | T45: 125.1285 | U45: 450.6837 | V45: 3.6361 | W45: 2.4824 | X45: 4.9764 | Y45: 8.4164 | Z45: 9.4174 | AA45: 45844 | AB45: زهرة يافا للتجارة JFT | AC45: 46081 | AD45: 0.9351 | AE45: 0.7847 | AF45: 159:13 | AG45: 0
A46: ADTV | B46: RM | C46: RM.ADTV.00045 | D46: خل ابيض | E46: 2.5152 | F46: 1.7606 | G46: 402, 803, 499, 499, 803, 402, 499, 803 | H46: 800 | I46: 0 | J46: 0 | K46: 0 | L46: 0 | M46: 800 | N46: 0 | O46: 0 | P46: 0 | Q46: -0.7325 | R46: 0 | S46: -0.7325 | T46: 801.7827 | U46: 251.2479 | V46: 0.3125 | W46: 625.465 | X46: 753.465 | Y46: 753.465 | Z46: 753.465 | AA46: 46057 | AB46: مؤسسة الزنبقة للاستيراد والتصدير - مورد | AC46: 46081 | AD46: 83.7183 | AE46: 62.7887 | AF46: 12:23 | AG46: 250
A47: ADTV | B47: RM | C47: RM.ADTV.00046 | D47: خميرة فورية | E47: 0.06 | F47: 0.9 | G47: 499, 402, 402, 499 | H47: 0 | I47: 0 | J47: 0 | K47: 0 | L47: 0 | M47: 0 | N47: 0 | O47: 0 | P47: 0 | Q47: 0 | R47: 0 | S47: 0 | T47: 0.06 | U47: 0.9 | V47: 15 | W47: 0 | X47: 0 | Y47: 0 | Z47: 0 | AA47: 45246 | AB47: Cash Customer - مورد | AC47: 2 | AD47: 0 | AE47: 0 | AG47: 0
A48: ADTV | B48: RM | C48: RM.ADTV.00047 | D48: Sodium Benzoate 25 kg | E48: 44.477 | F48: 0 | G48: 306, 403, 108, 112, 102, 110, 499, 9102, 9112, 9108, 9110, 9403, 103, 102, 9402, 112, 112, 9103, 403, 108, 108, 102, 103, 9112, 110, 9403, 306, 499, 403, 9102, 9110, 9112, 9108, 9103, 9402, 9403 | H48: 0 | I48: 0 | J48: 0 | K48: 0 | L48: 0 | M48: 0 | N48: 0 | O48: 0 | P48: 0 | Q48: -1.184 | R48: 0 | S48: -1.184 | T48: 43.293 | U48: 0 | V48: 1 | W48: 1.184 | X48: 2.664 | Y48: 4.734 | Z48: 5.034 | AA48: 45418 | AB48: زهرة يافا للتجارة JFT | AC48: 46076 | AD48: 0.526 | AE48: 0.4195 | AF48: 103:6 | AG48: 0
A49: ADTV | B49: RM | C49: RM.ADTV.00048 | D49: Non Dairy Cremer 25 kg | E49: 8510.7973 | F49: 19170.86 | G49: 9108, 9112, 9408, 9405, 9605, 408, 499, 605, 405, 108, 102, 301, 306, 605, 9108, 9405, 9112, 9605, 9408, 102, 112, 9108, 9112, 408, 9408, 108, 9405, 499, 112, 405, 405, 306, 408, 499, 108, 102, 112, 301 | H49: 0 | I49: 0 | J49: 0 | K49: 0 | L49: 0 | M49: 0 | N49: 0 | O49: 0 | P49: 0 | Q49: -6412.4521 | R49: 0 | S49: -6412.4521 | T49: 2098.3452 | U49: 4726.5939 | V49: 1.9569 | W49: 7753.4247 | X49: 7758.7787 | Y49: 7789.7787 | Z49: 7839.7787 | AA49: 45298 | AB49: OMAN.01/2024 | AC49: 46081 | AD49: 865.5309 | AE49: 653.3148 | AF49: 3:6 | AG49: 0
A50: ADTV | B50: RM | C50: RM.ADTV.00049 | D50: CAPOL 11-5519 | E50: 223.9639 | F50: 1863.709 | G50: 9403, 9108, 9402, 9112, 9401, 403, 499, 306, 203, 401, 103, 102, 108, 402, 409, 499, 112, 101, 9402, 9401, 9403, 9108, 9112, 499, 103, 102, 101, 112, 108, 403, 306, 401, 203, 402, 409 | H50: 0 | I50: 0 | J50: 0 | K50: 0 | L50: 0 | M50: 0 | N50: 0 | O50: 0 | P50: 0 | Q50: -0.4884 | R50: 0 | S50: -0.4884 | T50: 223.4755 | U50: 1859.6449 | V50: 8.3215 | W50: 16.9488 | X50: 20.8938 | Y50: 134.1858 | Z50: 650.9963 | AA50: 2 | AC50: 46081 | AD50: 14.9095 | AE50: 54.2496 | AF50: 4:3 | AG50: 0
A51: ADTV | B51: RM | C51: RM.ADTV.00050 | D51: CAPOL 425 M | E51: 1446.1317 | F51: 21527.378 | G51: 499, 405, 108, 101, 403, 9405, 103, 104, 102, 9402, 499, 9103, 9112, 9108, 9403, 9104, 101, 102, 103, 108, 112, 9102, 403, 306, 104, 203, 499, 405, 306, 203, 108, 701, 103, 104, 102, 9403, 112, 9102, 9103, 9112, 9104, 701, 9103, 9102, 403, 9402, 9405, 9403, 9108 | H51: 0 | I51: 0 | J51: 0 | K51: 0 | L51: 0 | M51: 0 | N51: 0 | O51: 0 | P51: 0 | Q51: -17.5064 | R51: 0 | S51: -17.5064 | T51: 1428.6253 | U51: 21266.782 | V51: 14.8856 | W51: 62.4763 | X51: 108.7495 | Y51: 154.6175 | Z51: 270.1361 | AA51: 45540 | AB51: CAPOL.03/2024 | AC51: 46081 | AD51: 17.1797 | AE51: 22.5113 | AF51: 63:13 | AG51: 0
A52: ADTV | B52: RM | C52: RM.ADTV.00051 | D52: CAPOL 254 N | E52: 2163.769 | F52: 12132.991 | G52: 104, 103, 102, 108, 499, 9103, 402, 306, 403, 403, 112, 9102, 499, 108, 301, 9301, 9403, 9112, 9104, 9108, 112, 102, 104, 9402, 9403, 9108, 306, 301, 102, 701, 108, 103, 104, 402, 499, 403, 9402, 9403, 9108, 9112, 9301, 9103, 9104, 9102, 701 | H52: 0 | I52: 0 | J52: 0 | K52: 39.483 | L52: 0 | M52: 39.483 | N52: 0 | O52: -125 | P52: 0 | Q52: -272.9406 | R52: 0 | S52: -397.9406 | T52: 1805.3114 | U52: 10125.908 | V52: 5.598 | W52: 731.9092 | X52: 988.6327 | Y52: 1028.8897 | Z52: 1030.8497 | AA52: 45540 | AB52: CAPOL.03/2024 | AC52: 46081 | AD52: 114.321 | AE52: 85.9041 | AF52: 21:0 | AG52: 0
A53: ADTV | B53: RM | C53: RM.ADTV.00052 | D53: Quick Lac IPA | E53: 656.3737 | F53: 12414.701 | G53: 499, 403, 108, 306, 9108, 9402, 108, 102, 499, 306, 403, 9108, 9402, 108, 9108, 102, 499, 102 | H53: 0 | I53: 0 | J53: 0 | K53: 0 | L53: 0 | M53: 0 | N53: 0 | O53: 0 | P53: 0 | Q53: -0.9534 | R53: 0 | S53: -0.9534 | T53: 655.4203 | U53: 12393.602 | V53: 18.5523 | W53: 1.9068 | X53: 1.9068 | Y53: 1.9068 | Z53: 1.9068 | AA53: 45587 | AB53: Quick .03/2024 | AC53: 46081 | AD53: 0.2118 | AE53: 0.1589 | AF53: 4124:22 | AG53: 0
A54: ADTV | B54: RM | C54: RM.ADTV.00053 | D54: Quick Shine | E54: 444.3586 | F54: 2378.4574 | G54: 102, 701, 499, 9402, 9108, 403, 306, 499, 102, 108, 9402, 701, 9108, 306, 108, 403, 499 | H54: 0 | I54: 0 | J54: 0 | K54: 0 | L54: 0 | M54: 0 | N54: 0 | O54: 0 | P54: 0 | Q54: -1.2209 | R54: 0 | S54: -1.2209 | T54: 443.1377 | U54: 2371.9225 | V54: 5.3526 | W54: 2.4418 | X54: 2.4418 | Y54: 5.4418 | Z54: 5.4418 | AA54: 45587 | AB54: Quick .03/2024 | AC54: 46081 | AD54: 0.6046 | AE54: 0.4534 | AF54: 977:5 | AG54: 0
A55: ADTV | B55: RM | C55: RM.ADTV.00054 | D55: Corn Starch | E55: 267.6812 | F55: 101.5342 | G55: 306, 403, 108, 112, 101, 102, 103, 499, 9112, 9108, 9403, 9402, 101, 112, 499, 108, 102, 103, 306, 499, 403, 9112, 9402, 9108, 9403 | H55: 0 | I55: 0 | J55: 0 | K55: 0 | L55: 0 | M55: 0 | N55: 0 | O55: 0 | P55: 0 | Q55: -0.7325 | R55: 0 | S55: -0.7325 | T55: 266.9487 | U55: 101.2563 | V55: 0.3793 | W55: 1.465 | X55: 136.399 | Y55: 136.399 | Z55: 136.399 | AA55: 45859 | AB55: شركة زمزم اخوان للتجارة | AC55: 46081 | AD55: 15.1554 | AE55: 11.3665 | AF55: 23:14 | AG55: 0
A56: ADTV | B56: RM | C56: RM.ADTV.00055 | D56: Native Rice Starch | E56: 898.9418 | F56: 779.6379 | G56: 9108, 9403, 9405, 9402, 9112, 605, 9605, 112, 499, 108, 9112, 112, 403, 112, 108, 103, 102, 306, 403, 405, 499, 9405, 9402, 9605, 9112, 9403, 9108, 605, 701, 9403, 102, 701, 103, 108, 306, 499, 403, 405 | H56: 0 | I56: 0 | J56: 0 | K56: 0 | L56: 0 | M56: 0 | N56: 0 | O56: 0 | P56: 0 | Q56: -4.668 | R56: 0 | S56: -4.668 | T56: 894.2738 | U56: 775.5894 | V56: 0.8673 | W56: 27.282 | X56: 64.376 | Y56: 89.801 | Z56: 114.801 | AA56: 45743 | AB56: NATIVE.01/2025 | AC56: 46081 | AD56: 9.9778 | AE56: 9.5667 | AF56: 93:14 | AG56: 0
A57: ADTV | B57: RM | C57: RM.ADTV.00056 | D57: Potato starch | E57: 0 | F57: 0 | G57: 403, 9402, 101, 403, 101, 9402 | H57: 0 | I57: 0 | J57: 0 | K57: 0 | L57: 0 | M57: 0 | N57: 0 | O57: 0 | P57: 0 | Q57: 0 | R57: 0 | S57: 0 | T57: 0 | U57: 0 | V57: 0.7328 | W57: 0 | X57: 0 | Y57: 0 | Z57: 0 | AA57: 44446 | AB57: شركة زمزم اخوان للتجارة | AC57: 44601 | AD57: 0 | AE57: 0 | AG57: 0
A58: ADTV | B58: RM | C58: RM.ADTV.00057 | D58: CORN STARCH NATURAL - 25 kg | E58: 0 | F58: 0 | G58: 403, 301, 403, 301 | H58: 0 | I58: 0 | J58: 0 | K58: 0 | L58: 0 | M58: 0 | N58: 0 | O58: 0 | P58: 0 | Q58: 0 | R58: 0 | S58: 0 | T58: 0 | U58: 0 | V58: 0.5862 | W58: 0 | X58: 0 | Y58: 0 | Z58: 0 | AA58: 44737 | AB58: ABED.12/2022 | AC58: 45505 | AD58: 0 | AE58: 0 | AG58: 0
A59: ADTV | B59: RM | C59: RM.ADTV.00058 | D59: CORN STARCH NATURAL MASTER FOOD - 25 kg | E59: 475.793 | F59: 199.4106 | G59: 9108, 9403, 9408, 9402, 9405, 403, 605, 701, 801, 9112, 9112, 112, 408, 9403, 102, 9408, 701, 108, 306, 405, 499, 408, 301, 305, 405, 306, 403, 305, 408, 112, 108, 102, 301, 9405, 9403, 9108, 9112, 801, 605, 499, 9402, 9408, 112, 403, 108, 499 | H59: 0 | I59: 0 | J59: 0 | K59: 0 | L59: 0 | M59: 0 | N59: 0 | O59: 0 | P59: 0 | Q59: -43.5282 | R59: 0 | S59: -43.5282 | T59: 432.2648 | U59: 180.7694 | V59: 0.4575 | W59: 330.9444 | X59: 699.0704 | Y59: 1216.6464 | Z59: 70532.211 | AA59: 45928 | AB59: شركة ابناء درويش مصطفى الصعيدي التجارية و شركائهم | AC59: 46081 | AD59: 135.1829 | AE59: 5877.6842 | AF59: 0:2 | AG59: 0
A60: ADTV | B60: RM | C60: RM.ADTV.0059 | D60: اصابع جوز هند | E60: 244.0852 | F60: 3114.5272 | G60: 101, 409, 499, 101, 499, 9409, 499, 409, 9409 | H60: 0 | I60: 0 | J60: 0 | K60: 0 | L60: 0 | M60: 0 | N60: 0 | O60: 0 | P60: 0 | Q60: -0.7325 | R60: 0 | S60: -0.7325 | T60: 243.3527 | U60: 3105.1805 | V60: 12.76 | W60: 489.395 | X60: 489.395 | Y60: 489.395 | Z60: 489.395 | AA60: 45978 | AB60: حلويات عبداللطيف التوم | AC60: 46081 | AD60: 54.3772 | AE60: 40.7829 | AF60: 5:29 | AG60: 0
A61: ADTV | B61: RM | C61: RM.ADTV.0060 | D61: اصابع لوتس | E61: 75.6217 | F61: 696.2433 | G61: 9409, 499, 409, 499, 101, 9409, 499, 101, 409 | H61: 0 | I61: 0 | J61: 0 | K61: 0 | L61: 0 | M61: 0 | N61: 0 | O61: 0 | P61: 0 | Q61: -0.2442 | R61: 0 | S61: -0.2442 | T61: 75.3775 | U61: 693.4148 | V61: 6 | W61: 695.1684 | X61: 695.1684 | Y61: 695.1684 | Z61: 695.1684 | AA61: 46029 | AB61: شركة عبيد والنيربيه | AC61: 46081 | AD61: 77.2409 | AE61: 57.9307 | AF61: 1:9 | AG61: 0
A62: ADTV | B62: RM | C62: RM.ADTV.0061 | D62: اصابع فستق حلبي | E62: 22.172 | F62: 243.9253 | G62: 9409, 409, 499, 9409, 499, 101, 499, 409, 101 | H62: 0 | I62: 0 | J62: 0 | K62: 0 | L62: 0 | M62: 0 | N62: 0 | O62: 0 | P62: 0 | Q62: -0.7092 | R62: 0 | S62: -0.7092 | T62: 21.4628 | U62: 236.1199 | V62: 11 | W62: 700.3484 | X62: 700.3484 | Y62: 700.3484 | Z62: 700.3484 | AA62: 46027 | AB62: شركة عبيد والنيربيه | AC62: 46081 | AD62: 77.8164 | AE62: 58.3623 | AF62: 0:11 | AG62: 0
A63: ADTV | B63: RM | C63: RM.ADTV.0062 | D63: اصابع كاجو | E63: 244.8917 | F63: 1978.5445 | G63: 101, 499, 409, 9409, 401, 409, 499, 101, 9409, 499, 409, 401 | H63: 0 | I63: 0 | J63: 0 | K63: 0 | L63: 0 | M63: 0 | N63: 0 | O63: 0 | P63: 0 | Q63: -167.7954 | R63: 0 | S63: -167.7954 | T63: 77.0963 | U63: 633.2777 | V63: 8 | W63: 1120.9158 | X63: 1120.9158 | Y63: 1120.9158 | Z63: 1120.9158 | AA63: 46045 | AB63: شركة عبيد والنيربيه | AC63: 46081 | AD63: 124.5462 | AE63: 93.4096 | AF63: 0:24 | AG63: 0
A64: ADTV | B64: RM | C64: RM.ADTV.0063 | D64: اصابع بيكان | V64: 0 | W64: 0 | X64: 0 | Y64: 0 | Z64: 0 | AA64: 2 | AC64: 2 | AD64: 0 | AE64: 0
A65: ADTV | B65: RM | C65: RM.ADTV.0064 | D65: بقلاوة عيون | E65: 0.055 | F65: 0.605 | G65: 9409, 101, 409, 101, 9409, 101, 409, 409, 9409 | H65: 7.33 | I65: 0 | J65: 0 | K65: 0 | L65: 0 | M65: 7.33 | N65: 0 | O65: 0 | P65: 0 | Q65: 0 | R65: 0 | S65: 0 | T65: 7.385 | U65: 81.235 | V65: 11 | W65: 884.8 | X65: 884.8 | Y65: 884.8 | Z65: 884.8 | AA65: 46054 | AB65: شركة عبيد والنيربيه | AC65: 46053 | AD65: 98.3111 | AE65: 73.7333 | AF65: 0:3 | AG65: 80.63
A66: ADTV | B66: RM | C66: RM.ADTV.0065 | D66: ملح بحري | E66: 2.3 | F66: 1.5 | G66: 108, 409, 402, 409, 801, 409, 402, 108, 801 | H66: 0 | I66: 0 | J66: 1 | K66: 0 | L66: 0 | M66: 1 | N66: 0 | O66: 0 | P66: 0 | Q66: -0.3 | R66: 0 | S66: -0.3 | T66: 3 | U66: 2.025 | V66: 0.75 | W66: 0.3 | X66: 0.3 | Y66: 0.3 | Z66: 0.3 | AA66: 46051 | AB66: Cash Customer - مورد | AC66: 46079 | AD66: 0.0333 | AE66: 0.025 | AF66: 120:0 | AG66: 0
A67: ADTV | B67: RM | C67: RM.ADTV.0066 | D67: White powder cream | E67: 6.7 | F67: 43.3157 | G67: 304, 108, 801, 304, 801, 108 | H67: 20 | I67: 0 | J67: 0 | K67: 0 | L67: 0 | M67: 20 | N67: 0 | O67: 0 | P67: 0 | Q67: 0 | R67: 0 | S67: 0 | T67: 26.7 | U67: 133.8327 | V67: 5.1653 | W67: 0 | X67: 0 | Y67: 0 | Z67: 0 | AA67: 46075 | AB67: مؤسسة عادل النتشة للتعبئة والتغليف | AC67: 2 | AD67: 0 | AE67: 0 | AG67: 90.517
A68: ADTV | B68: RM | C68: RM.ADTV.0067 | D68: اوريو ناعم | E68: 25.245 | F68: 46.6625 | G68: 501, 9401, 9112, 801, 9403, 9108, 9402, 9404, 9405, 499, 403, 405, 404, 402, 304, 401, 306, 201, 301, 305, 108, 303, 102, 104, 9401, 9404, 108, 9108, 403, 101, 107, 112, 499, 501, 9112, 801, 9108, 9403, 9402, 9405, 402, 401, 405, 403, 404, 306, 305, 303, 108, 107, 101, 102, 104, 112, 304, 301, 201 | H68: 0 | I68: 0 | J68: 0 | K68: 0 | L68: 0 | M68: 0 | N68: 0 | O68: 0 | P68: 0 | Q68: -0.525 | R68: 0 | S68: -0.525 | T68: 24.72 | U68: 45.6987 | V68: 1.836 | W68: 4.616 | X68: 939.564 | Y68: 2362.194 | Z68: 4409.74 | AA68: 44874 | AB68: شركة بيكر للصناعات الغذائية / مورد | AC68: 46077 | AD68: 262.466 | AE68: 367.4783 | AF68: 0:2 | AG68: 0
A69: ADTV | B69: RM | C69: RM.ADTV.0068 | D69: فلوريكس باودر | E69: 32.2 | F69: 416.3782 | G69: 304, 304, 304 | H69: 12 | I69: 0 | J69: 0 | K69: 0 | L69: 0 | M69: 12 | N69: 0 | O69: 0 | P69: 0 | Q69: -8.36 | R69: 0 | S69: -8.36 | T69: 35.84 | U69: 463.447 | V69: 9.3528 | W69: 8.36 | X69: 26.207 | Y69: 26.207 | Z69: 26.207 | AA69: 46074 | AB69: شركة المحمودية لتجارة مستلزمات المخابز والحلويات | AC69: 46054 | AD69: 2.9118 | AE69: 2.1839 | AF69: 16:12 | AG69: 155.172
A70: ADTV | B70: RM | C70: RM.ADTV.0069 | D70: كروكان لوز | E70: 101.7937 | F70: 287.0157 | G70: 409, 402, 403, 203, 101, 202, 499, 9202, 9402, 101, 499, 409, 402, 202, 203, 499, 403, 9202, 9402 | H70: 0 | I70: 0 | J70: 0 | K70: 0 | L70: 0 | M70: 0 | N70: 0 | O70: 0 | P70: 0 | Q70: -0.2442 | R70: 0 | S70: -0.2442 | T70: 101.5495 | U70: 286.3364 | V70: 2.8197 | W70: 0.4884 | X70: 6.7134 | Y70: 11.0324 | Z70: 140.9334 | AA70: 2 | AC70: 46081 | AD70: 1.2258 | AE70: 11.7444 | AF70: 8:19 | AG70: 0
A71: ADTV | B71: RM | C71: RM.ADTV.0070 | D71: Belgian Milk Chocolate Callets 2 bags x 5kg*CTN (CLM) | E71: 0.6717 | F71: 3.0019 | G71: 801, 701, 602, 601, 403, 9402, 9203, 9304, 9108, 499, 304, 301, 203, 201, 108, 701, 403, 203, 108, 301, 201, 304, 9402, 499, 499, 801, 601, 9108, 9304, 602, 9203 | H71: 0 | I71: 0 | J71: 0 | K71: 0 | L71: 0 | M71: 0 | N71: 0 | O71: 0 | P71: 0 | Q71: -0.2442 | R71: 0 | S71: -0.2442 | T71: 0.4275 | U71: 1.9105 | V71: 4.469 | W71: 11.1834 | X71: 164.4184 | Y71: 164.4184 | Z71: 364.4184 | AA71: 45535 | AB71: PYORITY.11/2024 | AC71: 46081 | AD71: 18.2687 | AE71: 30.3682 | AF71: 0:0 | AG71: 0
A72: ADTV | B72: RM | C72: RM.ADTV.0071 | D72: فتات البسكويت المكرمل ( سبيكيلوس) 2-4 ملم خشن | E72: 0 | F72: 0 | G72: 201, 404, 204, 601, 9204, 201, 404, 204, 9204, 601 | H72: 0 | I72: 0 | J72: 0 | K72: 0 | L72: 0 | M72: 0 | N72: 0 | O72: 0 | P72: 0 | Q72: 0 | R72: 0 | S72: 0 | T72: 0 | U72: 0 | V72: 1.9114 | W72: 0 | X72: 2520 | Y72: 4200 | Z72: 4956 | AA72: 2 | AC72: 45958 | AD72: 466.6666 | AE72: 413 | AF72: 0:0 | AG72: 0
A73: ADTV | B73: RM | C73: RM.ADTV.0072 | D73: Malt Powder Extract | E73: 0 | F73: 0 | G73: 9112, 9108, 9405, 108, 102, 405, 112, 102, 9405, 112, 9112, 108, 9108, 405 | H73: 260 | I73: 0 | J73: 0 | K73: 0 | L73: 0 | M73: 260 | N73: 0 | O73: 0 | P73: 0 | Q73: -21.125 | R73: 0 | S73: -21.125 | T73: 238.875 | U73: 765.2226 | V73: 3.2363 | W73: 21.125 | X73: 21.125 | Y73: 21.125 | Z73: 21.125 | AA73: 46069 | AB73: Foodstuffs.01/2026 | AC73: 46074 | AD73: 2.3472 | AE73: 1.7604 | AF73: 135:20 | AG73: 832.895
A74: ADTV | B74: RM | C74: RM.ADTV.0073 | D74: Chocolate Malt Crunchy | E74: 0 | F74: 0 | G74: 112, 9112, 9108, 108, 405, 9405, 102, 112, 102, 108, 405, 9405, 9108, 9112 | H74: 510 | I74: 0 | J74: 0 | K74: 0 | L74: 0 | M74: 510 | N74: 0 | O74: 0 | P74: 0 | Q74: -17.5 | R74: 0 | S74: -17.5 | T74: 492.5 | U74: 3944.2397 | V74: 8.0086 | W74: 17.5 | X74: 17.5 | Y74: 17.5 | Z74: 17.5 | AA74: 46069 | AB74: Foodstuffs.01/2026 | AC74: 46074 | AD74: 1.9444 | AE74: 1.4583 | AF74: 337:21 | AG74: 4084.39
A75: ADTV | B75: RM | C75: RM.ADTV.0074 | D75: Sweetened Condensed Creamer | E75: 0 | F75: 0 | G75: 9405, 9108, 9112, 102, 108, 9112, 405, 108, 405, 9405, 112, 112, 9108, 102 | H75: 50 | I75: 0 | J75: 0 | K75: 0 | L75: 0 | M75: 50 | N75: 0 | O75: 0 | P75: 0 | Q75: -1.35 | R75: 0 | S75: -1.35 | T75: 48.65 | U75: 311.6951 | V75: 6.4069 | W75: 1.35 | X75: 1.35 | Y75: 1.35 | Z75: 1.35 | AA75: 46069 | AB75: Foodstuffs.01/2026 | AC75: 46074 | AD75: 0.15 | AE75: 0.1125 | AF75: 432:13 | AG75: 320.344
A76: ADTV | B76: RM | C76: RM.ADTV.0075 | D76: اصابع جوز عين الجمل | E76: 39.867 | F76: 279.069 | G76: 9409, 499, 101, 401, 499, 409, 101, 9409, 499, 409, 401 | H76: 0 | I76: 0 | J76: 0 | K76: 0 | L76: 0 | M76: 0 | N76: 0 | O76: 0 | P76: 0 | Q76: -0.7092 | R76: 0 | S76: -0.7092 | T76: 39.1578 | U76: 274.1046 | V76: 7 | W76: 631.4184 | X76: 631.4184 | Y76: 631.4184 | Z76: 631.4184 | AA76: 46029 | AB76: شركة عبيد والنيربيه | AC76: 46081 | AD76: 70.1576 | AE76: 52.6182 | AF76: 0:22 | AG76: 0
A77: ADTV | B77: RM | C77: RM.ADTV.0076 | D77: Glitter dust silver-معرض عبدون | E77: 0 | F77: 0 | G77: 304, 304 | H77: 0 | I77: 0 | J77: 0 | K77: 0 | L77: 0 | M77: 0 | N77: 0 | O77: 0 | P77: 0 | Q77: 0 | R77: 0 | S77: 0 | T77: 0 | U77: 0 | V77: 86.205 | W77: 0 | X77: 0 | Y77: 0 | Z77: 0 | AA77: 46047 | AB77: شركة المحمودية لتجارة مستلزمات المخابز والحلويات | AC77: 2 | AD77: 0 | AE77: 0 | AG77: 0
A78: ADTV | B78: RM | C78: RM.ADTV.0077 | D78: Cremodan Se | V78: 5 | W78: 0 | X78: 0 | Y78: 0 | Z78: 0 | AA78: 2 | AC78: 2 | AD78: 0 | AE78: 0
A79: ADTV | B79: RM | C79: RM.ADTV.0078 | D79: Pea Protein Powder | V79: 3.6 | W79: 0 | X79: 0 | Y79: 0 | Z79: 0 | AA79: 2 | AC79: 2 | AD79: 0 | AE79: 0
A80: ADTV | B80: RM | C80: RM.ADTV.0079 | D80: Malic Acid | V80: 0 | W80: 0 | X80: 0 | Y80: 0 | Z80: 0 | AA80: 2 | AC80: 2 | AD80: 0 | AE80: 0
A81: ADTV | B81: RM | C81: RM.ADTV.0080 | D81: بيكنغ باودر | V81: 0 | W81: 0 | X81: 0 | Y81: 0 | Z81: 0 | AA81: 2 | AC81: 2 | AD81: 0 | AE81: 0
A82: ADTV | B82: RM | C82: RM.ADTV.0081 | D82: sodium alginate | V82: 0 | W82: 0 | X82: 0 | Y82: 0 | Z82: 0 | AA82: 2 | AC82: 2 | AD82: 0 | AE82: 0
A83: ADTV | B83: RM | C83: RM.ADTV.0082 | D83: Topping Base | V83: 0 | W83: 0 | X83: 0 | Y83: 0 | Z83: 0 | AA83: 2 | AC83: 2 | AD83: 0 | AE83: 0
A84: ASWT | B84: RM | C84: RM.ASWT.0001 | D84: عش البلبل | E84: 4109.8787 | F84: 26849.412 | G84: 9409, 409, 499, 101, 9101, 9402, 9409, 101, 304, 108, 101, 499, 402, 409, 401, 9409, 9402, 108, 401, 304, 402, 409, 499, 9101 | H84: 973.4 | I84: 0 | J84: 0 | K84: 0 | L84: 0 | M84: 973.4 | N84: 0 | O84: 0 | P84: 0 | Q84: -1136.9323 | R84: 0 | S84: -1136.9323 | T84: 3946.3464 | U84: 25983.755 | V84: 5.0423 | W84: 1141.1646 | X84: 1418.5446 | Y84: 1469.3776 | Z84: 3906.6296 | AA84: 46079 | AB84: شركة عبيد والنيربيه | AC84: 46081 | AD84: 163.2641 | AE84: 325.5524 | AF84: 12:3 | AG84: 5110.35
A85: ASWT | B85: RM | C85: RM.ASWT.0002 | D85: برازق سمسم | E85: 14.3 | F85: 73.9655 | G85: 499, 409, 402, 108, 9409, 409, 402, 499, 101, 108, 101, 9409, 101, 409, 9409 | H85: 1 | I85: 0 | J85: 0 | K85: 0 | L85: 0 | M85: 1 | N85: 0 | O85: 0 | P85: 0 | Q85: 0 | R85: 0 | S85: 0 | T85: 15.3 | U85: 79.1379 | V85: 5.1724 | W85: 3 | X85: 3 | Y85: 5.2 | Z85: 5.2 | AA85: 46056 | AB85: شركة مجمع البندر للحلويات والماكولات | AC85: 46019 | AD85: 0.5777 | AE85: 0.4333 | AF85: 35:9 | AG85: 5.172
A86: ASWT | B86: RM | C86: RM.ASWT.0003 | D86: البقلاوة | E86: 1084.4168 | F86: 12791.173 | G86: 401, 108, 409, 402, 499, 9409, 9402, 101, 108, 409, 402, 499, 401, 101, 499, 9409, 9409, 101, 409, 9402 | H86: 431.52 | I86: 0 | J86: 0 | K86: 0 | L86: 0 | M86: 431.52 | N86: 0 | O86: 0 | P86: 0 | Q86: -511.686 | R86: 0 | S86: -511.686 | T86: 1004.2508 | U86: 11829.602 | V86: 12 | W86: 519.605 | X86: 524.195 | Y86: 527.028 | Z86: 1651.861 | AA86: 46063 | AB86: شركة عبيد والنيربيه | AC86: 46081 | AD86: 58.5586 | AE86: 137.655 | AF86: 7:8 | AG86: 5178.24
A87: ASWT | B87: RM | C87: RM.ASWT.0004 | D87: اصابع الكاشو | E87: 448.4176 | F87: 3358.0808 | G87: 499, 499, 101, 402, 101, 402, 499 | H87: 0 | I87: 0 | J87: 0 | K87: 0 | L87: 0 | M87: 0 | N87: 0 | O87: 0 | P87: 0 | Q87: -1.2209 | R87: 0 | S87: -1.2209 | T87: 447.1967 | U87: 3348.9378 | V87: 7.4887 | W87: 2.4418 | X87: 2.4418 | Y87: 2.4418 | Z87: 457.5338 | AA87: 45710 | AB87: شركة مجمع البندر للحلويات والماكولات | AC87: 46081 | AD87: 0.2713 | AE87: 38.1278 | AF87: 11:21 | AG87: 0
A88: ASWT | B88: RM | C88: RM.ASWT.0005 | D88: برزاق سمسم حجم صغير | E88: 0 | F88: 0 | G88: 409, 101, 9409, 9409, 409, 101 | H88: 1 | I88: 0 | J88: 0 | K88: 0 | L88: 0 | M88: 1 | N88: 0 | O88: 0 | P88: 0 | Q88: 0 | R88: 0 | S88: 0 | T88: 1 | U88: 6.466 | V88: 6.466 | W88: 0 | X88: 0 | Y88: 0 | Z88: 0 | AA88: 46056 | AB88: شركة مجمع البندر للحلويات والماكولات | AC88: 2 | AD88: 0 | AE88: 0 | AG88: 6.466
A89: ASWT | B89: RM | C89: RM.ASWT.0006 | D89: برازق سمسم من غير فستق حلبي | E89: 0 | F89: 0 | G89: 9409, 101, 101, 409, 409, 9409 | H89: 545 | I89: 0 | J89: 0 | K89: 0 | L89: 0 | M89: 545 | N89: 0 | O89: 0 | P89: 0 | Q89: -283.248 | R89: 0 | S89: -283.248 | T89: 261.752 | U89: 719.818 | V89: 2.75 | W89: 283.248 | X89: 283.248 | Y89: 283.248 | Z89: 283.248 | AA89: 46075 | AB89: شركة مجمع البندر للحلويات والماكولات | AC89: 46081 | AD89: 31.472 | AE89: 23.604 | AF89: 11:2 | AG89: 1498.75
A90: BIS | B90: RM | C90: RM.BIS.0001 | D90: فتات الاوريو | E90: 20 | F90: 37.6797 | G90: 9402, 601, 501, 9108, 801, 602, 9404, 101, 403, 305, 404, 306, 402, 108, 103, 101, 102, 202, 201, 304, 301, 9402, 9404, 9108, 801, 602, 701, 403, 601, 501, 402, 304, 404, 108, 701, 102, 103, 306, 201, 305, 301, 202 | H90: 0 | I90: 0 | J90: 0 | K90: 0 | L90: 0 | M90: 0 | N90: 0 | O90: 0 | P90: 0 | Q90: 0 | R90: 0 | S90: 0 | T90: 20 | U90: 37.6797 | V90: 1.884 | W90: 0 | X90: 0 | Y90: 0 | Z90: 80 | AA90: 45476 | AB90: OREO.01/2024 | AC90: 45795 | AD90: 0 | AE90: 6.6666 | AF90: 3:0 | AG90: 0
A91: BIS | B91: RM | C91: RM.BIS.0002 | D91: Extruded P White - Bags 10 Kg | E91: 3090.5368 | F91: 7615.486 | G91: 9108, 108, 9407, 103, 101, 403, 499, 9403, 102, 9402, 9108, 9403, 108, 103, 101, 102, 203, 499, 407, 402, 306, 403, 9108, 9407, 9403, 9402, 108, 103, 306, 203, 402, 499, 403, 407 | H91: 0 | I91: 0 | J91: 0 | K91: 0 | L91: 0 | M91: 0 | N91: 0 | O91: 0 | P91: 0 | Q91: -716.2556 | R91: 0 | S91: -716.2556 | T91: 2374.2812 | U91: 5850.6774 | V91: 2.9974 | W91: 1902.5112 | X91: 2517.5112 | Y91: 3954.5112 | Z91: 5377.7362 | AA91: 45770 | AB91: EXTRUDED.02/2025 | AC91: 46081 | AD91: 439.3901 | AE91: 448.1446 | AF91: 5:8 | AG91: 0
A92: BIS | B92: RM | C92: RM.BIS.0003 | D92: فتات البسكويت خشن 8 كيلو | E92: 3205.2138 | F92: 5601.5405 | G92: 501, 601, 403, 499, 402, 304, 405, 404, 203, 306, 401, 201, 303, 108, 301, 305, 9402, 9404, 9405, 9108, 9401, 9112, 403, 306, 401, 305, 405, 404, 303, 402, 499, 501, 203, 304, 301, 201, 102, 101, 107, 108, 112, 9108, 9112, 601, 9402, 9405, 102, 499, 101, 107, 112, 9401, 9404 | H92: 0 | I92: 0 | J92: 0 | K92: 0 | L92: 0 | M92: 0 | N92: 0 | O92: 0 | P92: 0 | Q92: -3.2556 | R92: 0 | S92: -3.2556 | T92: 3201.9582 | U92: 5595.8509 | V92: 1.7476 | W92: 6.7422 | X92: 7.5282 | Y92: 337.5012 | Z92: 1220.1262 | AA92: 45257 | AB92: OMAN.35/2023 | AC92: 46081 | AD92: 37.5001 | AE92: 101.6771 | AF92: 31:14 | AG92: 0
A93: BIS | B93: RM | C93: RM.BIS.0004 | D93: بسكوت شاي | E93: 1.35 | F93: 0 | G93: 409, 402, 402, 409 | H93: 0 | I93: 0 | J93: 0 | K93: 0 | L93: 0 | M93: 0 | N93: 0 | O93: 0 | P93: 0 | Q93: 0 | R93: 0 | S93: 0 | T93: 1.35 | U93: 0 | V93: 0 | W93: 0 | X93: 0 | Y93: 0 | Z93: 0 | AA93: 2 | AC93: 2 | AD93: 0 | AE93: 0 | AG93: 0
A94: BIS | B94: RM | C94: RM.BIS.0005 | D94: بسكويت برتزل | E94: 272.0152 | F94: 906.7173 | G94: 409, 402, 499, 101, 402, 409, 499, 101, 499 | H94: 0 | I94: 0 | J94: 0 | K94: 0 | L94: 0 | M94: 0 | N94: 0 | O94: 0 | P94: 0 | Q94: -0.7325 | R94: 0 | S94: -0.7325 | T94: 271.2827 | U94: 904.2757 | V94: 3.3333 | W94: 1.465 | X94: 1.465 | Y94: 1.465 | Z94: 2.648 | AA94: 45801 | AB94: Cash Customer - مورد | AC94: 46081 | AD94: 0.1627 | AE94: 0.2206 | AF94: 1229:11 | AG94: 0
A95: BIS | B95: RM | C95: RM.BIS.0006 | D95: COOKIE GRANULES 1CTN*14KG | E95: 10.555 | F95: 12.8941 | G95: 499, 403, 108, 102, 306, 203, 401, 9401, 9108, 9402, 499, 403, 401, 306, 203, 108, 102, 101, 9108, 9402, 9401, 101 | H95: 0 | I95: 0 | J95: 0 | K95: 0 | L95: 0 | M95: 0 | N95: 0 | O95: 0 | P95: 0 | Q95: 0 | R95: 0 | S95: 0 | T95: 10.555 | U95: 12.8941 | V95: 1.2216 | W95: 0 | X95: 0 | Y95: 0 | Z95: 0 | AA95: 44808 | AB95: FORTUNE.04/2022 | AC95: 45657 | AD95: 0 | AE95: 0 | AG95: 0
A96: BIS | B96: RM | C96: RM.BIS.0007 | D96: Oreo Biscuit 2-4 / bag 10kg | E96: 0 | F96: -0.0005 | G96: 9401, 9404, 101, 9405, 501, 601, 108, 101, 102, 103, 304, 104, 301, 201, 403, 401, 402, 405, 404, 405, 402, 304, 404, 301, 108, 102, 103, 104, 401, 201, 9401, 403, 601, 501, 9405, 9404 | H96: 0 | I96: 0 | J96: 0 | K96: 0 | L96: 0 | M96: 0 | N96: 0 | O96: 0 | P96: 0 | Q96: 0 | R96: 0 | S96: 0 | T96: 0 | U96: -0.0005 | V96: 1.8497 | W96: 0 | X96: 0 | Y96: 0 | Z96: 200.16 | AA96: 44437 | AB96: شركة بيكر للصناعات الغذائية / مورد | AC96: 45793 | AD96: 0 | AE96: 16.68 | AF96: 0:0 | AG96: 0
A97: BIS | B97: RM | C97: RM.BIS.0008 | D97: فتات البسكويت المكرمل ( سبيكيلوس) 2-0 ملم | E97: 143033 | F97: 262301.96 | G97: 9409, 9301, 9401, 801, 9108, 9403, 9110, 9112, 9204, 701, 605, 9103, 9102, 602, 601, 406, 501, 9405, 9404, 9605, 9601, 9406, 9402, 9408, 405, 409, 402, 408, 404, 499, 403, 304, 204, 102, 701, 103, 9403, 110, 9301, 9408, 108, 104, 301, 305, 202, 306, 203, 401, 201, 303, 409, 112, 801, 102, 9401, 9404, 9409, 9408, 9605, 9406, 9601, 101, 403, 107, 601, 9405, 9112, 408, 112, 9409, 9601, 301, 499, 405, 9108, 108, 801, 605, 9112, 9301, 602, 406, 501, 601, 9402, 9405, 9204, 9403, 9110, 9108, 402, 499, 408, 9103, 9102, 409, 405, 401, 306, 305, 404, 403, 303, 108, 107, 103, 110, 101, 102, 112, 202, 301, 201, 104, 304, 203, 204 | H97: 22680 | I97: 0 | J97: 196 | K97: 0 | L97: 0 | M97: 22876 | N97: 0 | O97: -1212 | P97: 0 | Q97: -111276.63 | R97: 0 | S97: -112488.63 | T97: 53420.37 | U97: 97948.32 | V97: 1.9414 | W97: 281479.33 | X97: 460923.58 | Y97: 677663.37 | Z97: 935214.01 | AA97: 46056 | AB97: Vermeiren.09/2026 | AC97: 46081 | AD97: 75295.93 | AE97: 77934.501 | AF97: 0:20 | AG97: 41649.089
A98: BIS | B98: RM | C98: RM.BIS.0009 | D98: فتات الاوريو الداكنة | E98: 34390.259 | F98: 62894.695 | G98: 103, 9404, 9402, 9408, 9605, 9601, 112, 801, 9601, 499, 405, 108, 9108, 601, 403, 9405, 499, 501, 601, 801, 605, 9112, 9403, 602, 9108, 9405, 402, 408, 9102, 403, 405, 404, 104, 101, 102, 108, 112, 103, 301, 9112, 801, 701, 9102, 403, 501, 602, 605, 601, 9108, 9403, 9408, 9402, 9605, 9405, 9601, 9404, 101, 112, 408, 9112, 9403, 701, 108, 9408, 102, 104, 103, 404, 499, 408, 402, 405, 301 | H98: 0 | I98: 0 | J98: 0 | K98: 0 | L98: 0 | M98: 0 | N98: 0 | O98: 0 | P98: 0 | Q98: -2100.0399 | R98: 0 | S98: -2100.0399 | T98: 32290.219 | U98: 59164.465 | V98: 1.835 | W98: 7907.6008 | X98: 8198.9058 | Y98: 8148.9058 | Z98: 8152.9058 | AA98: 45980 | AB98: شركة بحر الشوكولاتة لصناعة الشوكولاتة والحلويات | AC98: 46081 | AD98: 905.4339 | AE98: 679.4088 | AF98: 47:15 | AG98: 0
A99: BIS | B99: RM | C99: RM.BIS.0010 | D99: Sifted Bisc Crumbles 2-4mm 12 KG | E99: 128823.63 | F99: 259670.66 | G99: 101, 403, 601, 405, 107, 112, 301, 108, 9409, 499, 9405, 9601, 9112, 9301, 9401, 9409, 102, 103, 112, 801, 409, 9606, 9108, 9402, 9406, 9605, 9601, 9403, 9112, 9405, 9204, 9108, 9301, 605, 602, 801, 601, 406, 101, 102, 108, 107, 103, 112, 204, 201, 301, 305, 401, 403, 409, 405, 499, 9103, 9102, 402, 9402, 9605, 9406, 9601, 9405, 9108, 9403, 9606, 9204, 9401, 9112, 9301, 9409, 801, 701, 9102, 602, 606, 9103, 401, 201, 301, 204, 305, 102, 701, 606, 108, 103, 403, 499, 409, 605, 601, 406, 402, 405 | H99: 0 | I99: 120 | J99: 0 | K99: 0 | L99: 0 | M99: 120 | N99: 0 | O99: -3396 | P99: 0 | Q99: -2497.6674 | R99: 0 | S99: -5893.6674 | T99: 123049.97 | U99: 248779.87 | V99: 1.8993 | W99: 34606.08 | X99: 48192.969 | Y99: 65982.015 | Z99: 111391.13 | AA99: 45889 | AB99: VERMEIREN.40/2025 | AC99: 46081 | AD99: 7331.3349 | AE99: 9282.5944 | AF99: 13:7 | AG99: 0
A100: BIS | B100: RM | C100: RM.BIS.0011 | D100: Oreo (Shell) Course Crumbs/1kg x 10Bags | E100: 6510.3108 | F100: 12974.993 | G100: 301, 405, 402, 408, 499, 409, 103, 102, 108, 701, 112, 101, 401, 9601, 9405, 9402, 9408, 9403, 9108, 9301, 601, 602, 403, 9102, 9103, 701, 801, 9112, 9409, 9401, 301, 103, 112, 102, 101, 108, 405, 401, 403, 9102, 408, 402, 409, 9405, 9108, 602, 9403, 9301, 9112, 801, 601, 9103, 499, 601, 499, 301, 9601, 9408, 9402, 9409, 9401 | H100: 0 | I100: 0 | J100: 0 | K100: 0 | L100: 0 | M100: 0 | N100: 0 | O100: -260 | P100: 0 | Q100: -1158.603 | R100: 0 | S100: -1418.603 | T100: 5091.7078 | U100: 10154.322 | V100: 2 | W100: 2238.206 | X100: 8302.599 | Y100: 10127.599 | Z100: 12794.599 | AA100: 46041 | AB100: شركة المتحده لصناعه البسكوت والحلويات | AC100: 46081 | AD100: 1125.2887 | AE100: 1066.2165 | AF100: 4:23 | AG100: 0
...

Sheet M03
A1: SubCateg | B1: Categ | C1: ItemNo | D1: ItemDesc | E1: OpenQty | F1: OpenCost | G1: StoreList | H1: RecQty | I1: RetSaleQty | J1: AddQty | K1: RetIssueQty | L1: ProdRecQty | M1: TotalInQty | N1: RetRecQty | O1: SaleQty | P1: SubQty | Q1: IssueQty | R1: WriteOffQty | S1: TotalOutQty | T1: EndQty | U1: EndCost | V1: ItemUnitCost | W1: ConsQty3M | X1: ConsQty6M | Y1: ConsQty9M | Z1: ConsQty12M | AA1: Last Purchase Date | AB1: Last Purchase Vendor | AC1: LastIssueSaleDate | AD1: ConsMonRate9 | AE1: ConsMonRate12 | AF1: Coverage Period | AG1: Purchase Amount
A2: ADTV | B2: RM | C2: RM.ADTV.00001 | D2: ليسيتين الصويا | E2: 24951.282 | F2: 24542.627 | G2: 499, 409, 605, 408, 9112, 9108, 701, 9102, 801, 9103, 9401, 9402, 9408, 9403, 9409, 9405, 9605, 402, 401, 405, 306, 403, 304, 112, 102, 401, 9112, 108, 201, 9408, 107, 9409, 301, 499, 9103, 9102, 9108, 112, 9409, 408, 9112, 9402, 405, 801, 409, 408, 403, 103, 102, 9401, 101, 9403, 9605, 9405, 108, 409, 9102, 405, 9401, 9408, 9108, 605, 9405, 9403, 402, 605, 701, 401, 306, 301, 403, 112, 101, 108, 102, 107, 103, 304, 201 | H2: 0 | I2: 0 | J2: 1.783 | K2: 0 | L2: 0 | M2: 1.783 | N2: 0 | O2: 0 | P2: -1.783 | Q2: -5826.069 | R2: -48 | S2: -5875.852 | T2: 19077.213 | U2: 18739.242 | V2: 1.4901 | W2: 21671.579 | X2: 41569.804 | Y2: 62577.031 | Z2: 87375.173 | AA2: 46069 | AB2: Soy Lecithin.01/2026 | AC2: 46112 | AD2: 6953.0035 | AE2: 7281.2643 | AF2: 2:18 | AG2: 0
A3: ADTV | B3: RM | C3: RM.ADTV.00002 | D3: Lecithin L | V3: 0 | W3: 0 | X3: 0 | Y3: 0 | Z3: 0 | AA3: 2 | AC3: 2 | AD3: 0 | AE3: 0
A4: ADTV | B4: RM | C4: RM.ADTV.00003 | D4: SALT | E4: 286.4399 | F4: 47.9078 | G4: 304, 103, 108, 101, 112, 403, 203, 401, 605, 402, 9403, 9405, 9108, 9304, 9408, 9401, 405, 409, 108, 9405, 9605, 9403, 101, 9401, 103, 403, 408, 409, 801, 405, 9402, 9112, 408, 9409, 112, 9108, 499, 9409, 112, 9408, 108, 401, 9112, 304, 203, 403, 405, 401, 402, 9605, 9405, 9409, 9403, 9408, 9402, 9401, 9304, 801, 9108, 9112, 408, 605, 409, 499 | H4: 675 | I4: 0 | J4: 0 | K4: 0 | L4: 0 | M4: 675 | N4: 0 | O4: 0 | P4: 0 | Q4: -601.766 | R4: 0 | S4: -601.766 | T4: 359.6739 | U4: 60.1559 | V4: 0.17 | W4: 2159.6897 | X4: 4019.0835 | Y4: 5711.3585 | Z4: 7646.0415 | AA4: 46099 | AB4: شركة عيسى ابراهيم وشركاه | AC4: 46112 | AD4: 634.5953 | AE4: 637.1701 | AF4: 0:16 | AG4: 112.892
A5: ADTV | B5: RM | C5: RM.ADTV.00004 | D5: مستحلب للشوكولاته | E5: 3664.6979 | F5: 6778.0709 | G5: 9403, 9405, 9405, 108, 9605, 408, 102, 9102, 403, 103, 9108, 605, 9408, 9401, 112, 408, 405, 9112, 499, 9402, 9108, 112, 107, 103, 104, 108, 102, 101, 306, 301, 403, 201, 401, 402, 605, 101, 9403, 405, 102, 107, 9112, 112, 9408, 108, 201, 104, 401, 306, 403, 402, 301, 9401, 9402, 9408, 9403, 9405, 9605, 605, 9108, 9112, 9102, 499, 408, 405 | H5: 7000 | I5: 0 | J5: 0 | K5: 0 | L5: 0 | M5: 7000 | N5: 0 | O5: 0 | P5: 0 | Q5: -2860.751 | R5: -3.21 | S5: -2863.961 | T5: 7800.7369 | U5: 13822.483 | V5: 1.8494 | W5: 10396.424 | X5: 20571.08 | Y5: 31737.696 | Z5: 45163.05 | AA5: 46083 | AB5: زهرة يافا للتجارة JFT | AC5: 46112 | AD5: 3526.4106 | AE5: 3763.5875 | AF5: 2:2 | AG5: 12250
A6: ADTV | B6: RM | C6: RM.ADTV.00005 | D6: Instant coffee type B20 | E6: 111.401 | F6: 896.2331 | G6: 499, 409, 605, 408, 9108, 9112, 9401, 9402, 9408, 9403, 9405, 402, 401, 405, 403, 306, 9112, 102, 108, 112, 499, 9108, 112, 408, 9112, 9402, 405, 409, 403, 9403, 101, 9405, 108, 405, 9401, 9408, 9108, 9405, 9403, 402, 605, 401, 306, 403, 112, 101, 108, 102 | H6: 350 | I6: 0 | J6: 0 | K6: 0 | L6: 0 | M6: 350 | N6: 0 | O6: 0 | P6: 0 | Q6: -174.39 | R6: 0 | S6: -174.39 | T6: 287.011 | U6: 2364.6958 | V6: 8.3621 | W6: 923.8838 | X6: 1354.9813 | Y6: 1738.5453 | Z6: 2124.1543 | AA6: 46094 | AB6: الشركة الوطنية للتجارة والتوزيع | AC6: 46111 | AD6: 193.1717 | AE6: 177.0128 | AF6: 1:18 | AG6: 2926.724
A7: ADTV | B7: RM | C7: RM.ADTV.00006 | D7: Indian barley powder 25 KG | E7: 0 | F7: 0 | G7: 403, 403 | H7: 0 | I7: 0 | J7: 0 | K7: 0 | L7: 0 | M7: 0 | N7: 0 | O7: 0 | P7: 0 | Q7: 0 | R7: 0 | S7: 0 | T7: 0 | U7: 0 | V7: 2.598 | W7: 0 | X7: 0 | Y7: 0 | Z7: 0 | AA7: 2 | AC7: 2 | AD7: 0 | AE7: 0 | AG7: 0
A8: ADTV | B8: RM | C8: RM.ADTV.00007 | D8: Krystal Malt Dark 80 /25 kg | E8: 0 | F8: 0 | G8: 107, 304, 401, 102, 101, 401, 304, 107, 101, 102 | H8: 0 | I8: 0 | J8: 0 | K8: 0 | L8: 0 | M8: 0 | N8: 0 | O8: 0 | P8: 0 | Q8: 0 | R8: 0 | S8: 0 | T8: 0 | U8: 0 | V8: 2.499 | W8: 0 | X8: 0 | Y8: 0 | Z8: 0 | AA8: 2 | AC8: 45606 | AD8: 0 | AE8: 0 | AG8: 0
A9: ADTV | B9: RM | C9: RM.ADTV.00008 | D9: Malt Extract Powder / 25 KG | E9: 0 | F9: 0 | G9: 9108, 9402, 801, 9401, 101, 401, 403, 101, 108, 102, 107, 403, 401, 107, 102, 108, 9108, 801, 9402, 9401 | H9: 0 | I9: 0 | J9: 0 | K9: 0 | L9: 0 | M9: 0 | N9: 0 | O9: 0 | P9: 0 | Q9: 0 | R9: 0 | S9: 0 | T9: 0 | U9: 0 | V9: 2.517 | W9: 0 | X9: 0 | Y9: 0 | Z9: 0 | AA9: 2 | AC9: 45606 | AD9: 0 | AE9: 0 | AG9: 0
A10: ADTV | B10: RM | C10: RM.ADTV.00009 | D10: Roko Gel Powder | E10: 0 | F10: 0 | G10: 102, 101, 301, 102, 101, 301 | H10: 0 | I10: 0 | J10: 0 | K10: 0 | L10: 0 | M10: 0 | N10: 0 | O10: 0 | P10: 0 | Q10: 0 | R10: 0 | S10: 0 | T10: 0 | U10: 0 | V10: 15.6404 | W10: 0 | X10: 0 | Y10: 0 | Z10: 0 | AA10: 45035 | AB10: ROKO.01/2023 | AC10: 45041 | AD10: 0 | AE10: 0 | AG10: 0
A11: ADTV | B11: RM | C11: RM.ADTV.00010 | D11: NESCAFE 0.475 GM / 12*1 | E11: 0 | F11: 0 | G11: 402, 402 | H11: 0 | I11: 0 | J11: 0 | K11: 0 | L11: 0 | M11: 0 | N11: 0 | O11: 0 | P11: 0 | Q11: 0 | R11: 0 | S11: 0 | T11: 0 | U11: 0 | V11: 0 | W11: 0 | X11: 0 | Y11: 0 | Z11: 0 | AA11: 2 | AC11: 44560 | AD11: 0 | AE11: 0 | AG11: 0
A12: ADTV | B12: RM | C12: RM.ADTV.00011 | D12: CALCIUM CHLORIDE 77%) | E12: 25.15 | F12: 22.6345 | G12: 108, 306, 403, 9402, 9108, 499, 605, 605, 499, 9402, 9108, 306, 403, 605, 108 | H12: 0 | I12: 0 | J12: 0 | K12: 0 | L12: 0 | M12: 0 | N12: 0 | O12: 0 | P12: 0 | Q12: 0 | R12: -0.72 | S12: -0.72 | T12: 24.43 | U12: 21.9865 | V12: 0.9 | W12: 0 | X12: 21.98 | Y12: 21.98 | Z12: 21.98 | AA12: 45845 | AB12: زهرة يافا للتجارة JFT | AC12: 45943 | AD12: 2.4422 | AE12: 1.8316 | AF12: 13:10 | AG12: 0
A13: ADTV | B13: RM | C13: RM.ADTV.00012 | D13: CITRICACID MONOHYDRATE 25KG | E13: 0 | F13: 0 | G13: 403, 403 | H13: 0 | I13: 0 | J13: 0 | K13: 0 | L13: 0 | M13: 0 | N13: 0 | O13: 0 | P13: 0 | Q13: 0 | R13: 0 | S13: 0 | T13: 0 | U13: 0 | V13: 0.86 | W13: 0 | X13: 0 | Y13: 0 | Z13: 0 | AA13: 2 | AC13: 44915 | AD13: 0 | AE13: 0 | AG13: 0
A14: ADTV | B14: RM | C14: RM.ADTV.00013 | D14: مميع للشوكولاته | E14: 3704.048 | F14: 17156.918 | G14: 108, 409, 9405, 9405, 9403, 9408, 9108, 102, 101, 401, 408, 403, 9102, 405, 9401, 9403, 103, 102, 9401, 112, 499, 9108, 9409, 408, 9112, 9402, 801, 405, 401, 402, 403, 306, 409, 104, 108, 102, 107, 112, 101, 103, 201, 408, 405, 401, 499, 402, 403, 306, 108, 9112, 9408, 112, 107, 9409, 201, 104, 9408, 9403, 9409, 9405, 9401, 9102, 9402, 9112, 801, 9108, 409 | H14: 2000 | I14: 0 | J14: 0 | K14: 0 | L14: 0 | M14: 2000 | N14: 0 | O14: 0 | P14: 0 | Q14: -1149.661 | R14: 0 | S14: -1149.661 | T14: 4554.387 | U14: 21023.093 | V14: 3.3964 | W14: 5040.7966 | X14: 10291.963 | Y14: 16793.422 | Z14: 23908.631 | AA14: 46083 | AB14: زهرة يافا للتجارة JFT | AC14: 46112 | AD14: 1865.9357 | AE14: 1992.3858 | AF14: 2:8 | AG14: 9100
A15: ADTV | B15: RM | C15: RM.ADTV.00014 | D15: Ethanol 99.8% | V15: 0 | W15: 0 | X15: 0 | Y15: 0 | Z15: 0 | AA15: 2 | AC15: 2 | AD15: 0 | AE15: 0
A16: ADTV | B16: RM | C16: RM.ADTV.00015 | D16: GLYCERINE BP 250KG | E16: 2777.2322 | F16: 5554.4644 | G16: 405, 499, 9112, 9108, 605, 9605, 9405, 9403, 9402, 301, 402, 403, 306, 108, 112, 9112, 102, 101, 605, 402, 403, 301, 306, 101, 102, 108, 112, 9108, 9402, 499, 9112, 405, 112, 605, 9605, 108, 9405, 9403 | H16: 0 | I16: 0 | J16: 0 | K16: 0 | L16: 0 | M16: 0 | N16: 0 | O16: 0 | P16: 0 | Q16: 0 | R16: -12.075 | S16: -12.075 | T16: 2765.1572 | U16: 5530.3144 | V16: 2 | W16: 290.4784 | X16: 1119.6034 | Y16: 1697.7034 | Z16: 2764.2034 | AA16: 46000 | AB16: زهرة يافا للتجارة JFT | AC16: 46081 | AD16: 188.6337 | AE16: 230.3502 | AF16: 12:0 | AG16: 0
A17: ADTV | B17: RM | C17: RM.ADTV.00016 | D17: بروبلين | E17: 1434.5501 | F17: 3258.8767 | G17: 102, 108, 101, 112, 107, 201, 403, 605, 402, 9403, 108, 9405, 101, 405, 9402, 9112, 112, 9108, 499, 112, 107, 108, 201, 102, 9112, 403, 405, 402, 9405, 9403, 9402, 9112, 9108, 605, 499 | H17: 0 | I17: 0 | J17: 0 | K17: 0 | L17: 0 | M17: 0 | N17: 0 | O17: 0 | P17: 0 | Q17: 0 | R17: 0 | S17: 0 | T17: 1434.5501 | U17: 3258.8768 | V17: 2.1261 | W17: 56.3998 | X17: 217.2528 | Y17: 525.7808 | Z17: 725.9988 | AA17: 45522 | AB17: زهرة يافا للتجارة JFT | AC17: 46081 | AD17: 58.42 | AE17: 60.4999 | AF17: 23:21 | AG17: 0
A18: ADTV | B18: RM | C18: RM.ADTV.00017 | D18: SODIUM CARBOXYMETHYL CELLULOSE / CMC 25KG | E18: 202.7811 | F18: 659.0889 | G18: 499, 605, 9108, 9112, 9402, 9403, 9405, 9605, 405, 403, 306, 9112, 102, 201, 108, 112, 499, 9108, 112, 9112, 9402, 405, 101, 9405, 9605, 108, 9403, 605, 605, 403, 306, 201, 112, 101, 108, 102 | H18: 0 | I18: 0 | J18: 0 | K18: 0 | L18: 0 | M18: 0 | N18: 0 | O18: 0 | P18: 0 | Q18: 0 | R18: -1.594 | S18: -1.594 | T18: 201.1871 | U18: 653.907 | V18: 3.2501 | W18: 11.9948 | X18: 144.2768 | Y18: 166.7848 | Z18: 208.3068 | AA18: 46000 | AB18: زهرة يافا للتجارة JFT | AC18: 46081 | AD18: 18.5316 | AE18: 17.3589 | AF18: 11:17 | AG18: 0
A19: ADTV | B19: RM | C19: RM.ADTV.00018 | D19: XANTHAN GUM 25KG | E19: 169.843 | F19: 594.4567 | G19: 9403, 9405, 108, 112, 9112, 405, 499, 9402, 9108, 112, 108, 102, 101, 403, 101, 102, 9112, 112, 108, 403, 9402, 9403, 9405, 9108, 9112, 499, 405 | H19: 0 | I19: 0 | J19: 0 | K19: 0 | L19: 0 | M19: 0 | N19: 0 | O19: 0 | P19: 0 | Q19: 0 | R19: 0 | S19: 0 | T19: 169.843 | U19: 594.4568 | V19: 3.5 | W19: 11.9948 | X19: 44.2768 | Y19: 66.7848 | Z19: 108.3068 | AA19: 46000 | AB19: زهرة يافا للتجارة JFT | AC19: 46081 | AD19: 7.4205 | AE19: 9.0255 | AF19: 18:24 | AG19: 0
A20: ADTV | B20: RM | C20: RM.ADTV.00019 | D20: GUAR GUM POWDER 25KG | E20: 124.0355 | F20: 248.0773 | G20: 9108, 9112, 9402, 9405, 9403, 201, 112, 9112, 108, 403, 499, 405, 201, 101, 112, 102, 108, 405, 403, 9402, 9112, 9108, 499, 112, 101, 102, 9403, 9405, 108 | H20: 0 | I20: 0 | J20: 0 | K20: 0 | L20: 0 | M20: 0 | N20: 0 | O20: 0 | P20: 0 | Q20: 0 | R20: 0 | S20: 0 | T20: 124.0355 | U20: 248.0772 | V20: 2 | W20: 11.5064 | X20: 43.7884 | Y20: 66.2964 | Z20: 107.8184 | AA20: 45258 | AB20: زهرة يافا للتجارة JFT | AC20: 46081 | AD20: 7.3662 | AE20: 8.9848 | AF20: 13:24 | AG20: 0
A21: ADTV | B21: RM | C21: RM.ADTV.00020 | D21: زيت القرفة | E21: 151.6723 | F21: 3830.6601 | G21: 403, 306, 402, 401, 405, 408, 108, 201, 9408, 112, 605, 499, 9108, 9112, 9402, 9401, 9403, 9405, 9605, 9408, 403, 401, 306, 605, 402, 108, 102, 101, 105, 112, 201, 9108, 9402, 499, 9401, 112, 408, 9112, 405, 605, 9408, 9108, 108, 9405, 9405, 9403, 9605, 101, 408, 102, 105, 405, 9112 | H21: 0 | I21: 0 | J21: 0 | K21: 0 | L21: 0 | M21: 0 | N21: 0 | O21: 0 | P21: 0 | Q21: -9.313 | R21: -0.4 | S21: -9.713 | T21: 141.9593 | U21: 3584.5551 | V21: 25.4282 | W21: 36.7468 | X21: 65.9446 | Y21: 97.4886 | Z21: 132.6334 | AA21: 45943 | AB21: Cinnamon.01/2025 | AC21: 46112 | AD21: 10.832 | AE21: 11.0527 | AF21: 12:25 | AG21: 0
A22: ADTV | B22: RM | C22: RM.ADTV.00021 | D22: طحينية سائلة | E22: 497.1825 | F22: 1058.6939 | G22: 108, 101, 112, 111, 306, 605, 402, 401, 605, 9408, 9401, 108, 9605, 499, 9405, 101, 408, 405, 409, 801, 9402, 9112, 408, 112, 9409, 9108, 499, 112, 111, 9408, 108, 9112, 306, 405, 401, 402, 9605, 9408, 9405, 9409, 9402, 9401, 9112, 801, 9108, 605, 409, 499, 408 | H22: 2600 | I22: 0 | J22: 0 | K22: 0 | L22: 0 | M22: 2600 | N22: 0 | O22: 0 | P22: -333.98 | Q22: -438.88 | R22: -8.2 | S22: -781.06 | T22: 2316.1225 | U22: 4698.4679 | V22: 2.0585 | W22: 1700.0684 | X22: 1700.0684 | Y22: 1707.1214 | Z22: 1853.8344 | AA22: 46099 | AB22: شركة حقول السمسم للصناعات الغذائية | AC22: 46093 | AD22: 189.6801 | AE22: 154.4862 | AF22: 14:29 | AG22: 5280
A23: ADTV | B23: RM | C23: RM.ADTV.00022 | D23: جيلاتين حيواني | E23: 0 | F23: 0 | G23: 301, 301 | H23: 0 | I23: 0 | J23: 0 | K23: 0 | L23: 0 | M23: 0 | N23: 0 | O23: 0 | P23: 0 | Q23: 0 | R23: 0 | S23: 0 | T23: 0 | U23: 0 | V23: 7.4138 | W23: 0 | X23: 0 | Y23: 0 | Z23: 0 | AA23: 45364 | AB23: شركة اياد خرفان وشركاه - مورد | AC23: 45364 | AD23: 0 | AE23: 0 | AG23: 0
A24: ADTV | B24: RM | C24: RM.ADTV.00023 | D24: Oil Binder | E24: 652.4102 | F24: 3392.533 | G24: 306, 402, 401, 605, 108, 102, 101, 112, 104, 499, 9402, 9108, 9112, 408, 405, 9408, 605, 9108, 9401, 112, 408, 9405, 9405, 108, 9605, 306, 401, 402, 108, 9408, 9112, 112, 405, 102, 101, 104, 499, 408, 405, 9112, 9108, 605, 9408, 9605, 9405, 9402, 9401 | H24: 0 | I24: 0 | J24: 1.63 | K24: 0 | L24: 0 | M24: 1.63 | N24: 0 | O24: 0 | P24: 0 | Q24: -114.322 | R24: -0.5 | S24: -114.822 | T24: 539.2182 | U24: 2803.9346 | V24: 6.249 | W24: 302.6024 | X24: 698.2594 | Y24: 1319.8264 | Z24: 1967.7854 | AA24: 46071 | AB24: كوينكا للمواد والمكونات الغذائية والكيميائية | AC24: 46112 | AD24: 146.6473 | AE24: 163.9821 | AF24: 3:8 | AG24: 0
A25: ADTV | B25: RM | C25: RM.ADTV.00024 | D25: Water | E25: 6487.2887 | F25: 488.5376 | G25: 9402, 9304, 9403, 9409, 499, 409, 403, 402, 304, 304, 403, 402, 403, 9304, 304, 9403, 409, 9402, 409, 9409, 499 | H25: 0 | I25: 0 | J25: 2000 | K25: 0 | L25: 0 | M25: 2000 | N25: 0 | O25: 0 | P25: 0 | Q25: -1094.381 | R25: 0 | S25: -1094.381 | T25: 7392.9077 | U25: 488.9987 | V25: 0.001 | W25: 4822.1492 | X25: 9026.7712 | Y25: 13288.759 | Z25: 14989.259 | AA25: 2 | AC25: 46112 | AD25: 1476.5288 | AE25: 1249.1049 | AF25: 5:27 | AG25: 0
A26: ADTV | B26: RM | C26: RM.ADTV.00025 | D26: عجينة كنافة خالي من السكر | V26: 0 | W26: 0 | X26: 0 | Y26: 0 | Z26: 0 | AA26: 2 | AC26: 2 | AD26: 0 | AE26: 0
A27: ADTV | B27: RM | C27: RM.ADTV.00026 | D27: طحين | E27: 7.15 | F27: 0.0143 | G27: 108, 499, 402, 605, 9108, 9108, 499, 402, 605, 108 | H27: 0 | I27: 0 | J27: 0 | K27: 0 | L27: 0 | M27: 0 | N27: 0 | O27: 0 | P27: 0 | Q27: 0 | R27: 0 | S27: 0 | T27: 7.15 | U27: 0.0143 | V27: 0.002 | W27: 0 | X27: 42.85 | Y27: 42.85 | Z27: 42.85 | AA27: 2 | AC27: 45943 | AD27: 4.7611 | AE27: 3.5708 | AF27: 2:0 | AG27: 0
A28: ADTV | B28: RM | C28: RM.ADTV.00027 | D28: طحين زهرة 50 ك | E28: 0 | F28: 0 | G28: 108, 403, 9108, 605, 403, 605, 108, 9108 | H28: 0 | I28: 0 | J28: 0 | K28: 0 | L28: 0 | M28: 0 | N28: 0 | O28: 0 | P28: 0 | Q28: 0 | R28: 0 | S28: 0 | T28: 0 | U28: 0 | V28: 0.002 | W28: 0 | X28: 39 | Y28: 39 | Z28: 39 | AA28: 45190 | AB28: شركة اياد خرفان وشركاه - مورد | AC28: 45943 | AD28: 4.3333 | AE28: 3.25 | AF28: 0:0 | AG28: 0
A29: ADTV | B29: RM | C29: RM.ADTV.00028 | D29: بيكنج باودر | E29: 0.1 | F29: 0.89 | G29: 402, 499, 402, 499 | H29: 0 | I29: 0 | J29: 0 | K29: 0 | L29: 0 | M29: 0 | N29: 0 | O29: 0 | P29: 0 | Q29: 0 | R29: 0 | S29: 0 | T29: 0.1 | U29: 0.89 | V29: 8.9 | W29: 0 | X29: 0 | Y29: 0 | Z29: 0 | AA29: 45246 | AB29: Cash Customer - مورد | AC29: 2 | AD29: 0 | AE29: 0 | AG29: 0
A30: ADTV | B30: RM | C30: RM.ADTV.00029 | D30: Gelatin Powder – Abdoun showroom | E30: 1 | F30: 13.1 | G30: 304, 304, 304 | H30: 0 | I30: 0 | J30: 0 | K30: 0 | L30: 0 | M30: 0 | N30: 0 | O30: 0 | P30: 0 | Q30: -1 | R30: 0 | S30: -1 | T30: 0 | U30: 0 | V30: 13.1 | W30: 1 | X30: 1 | Y30: 1 | Z30: 1 | AA30: 45854 | AB30: شركة الكونية للاستيراد والتصدير | AC30: 46096 | AD30: 0.1111 | AE30: 0.0833 | AF30: 0:0 | AG30: 0
A31: ADTV | B31: RM | C31: RM.ADTV.00030 | D31: بوردة تشيز كيك | V31: 0 | W31: 0 | X31: 0 | Y31: 0 | Z31: 0 | AA31: 2 | AC31: 2 | AD31: 0 | AE31: 0
A32: ADTV | B32: RM | C32: RM.ADTV.00031 | D32: شوفان | E32: 176.9087 | F32: 155.4622 | G32: 112, 108, 401, 9401, 108, 9405, 409, 405, 409, 801, 9112, 9409, 499, 401, 9409, 112, 108, 9401, 9405, 9409, 409, 9112, 801, 405, 499 | H32: 0 | I32: 0 | J32: 0 | K32: 0 | L32: 0 | M32: 0 | N32: 0 | O32: 0 | P32: 0 | Q32: -0.07 | R32: 0 | S32: -0.07 | T32: 176.8387 | U32: 155.3949 | V32: 0.8721 | W32: 56.909 | X32: 188.898 | Y32: 304.486 | Z32: 325.471 | AA32: 45995 | AB32: مطاحن الدبور الذهبي | AC32: 46105 | AD32: 33.8317 | AE32: 27.1225 | AF32: 6:15 | AG32: 0
A33: ADTV | B33: RM | C33: RM.ADTV.00032 | D33: Malt Dextrin 25 kg | V33: 0 | W33: 0 | X33: 0 | Y33: 0 | Z33: 0 | AA33: 2 | AC33: 2 | AD33: 0 | AE33: 0
A34: ADTV | B34: RM | C34: RM.ADTV.00033 | D34: egg | E34: 60 | F34: 4.824 | G34: 499, 402, 304, 499, 402, 304 | H34: 0 | I34: 0 | J34: 0 | K34: 0 | L34: 0 | M34: 0 | N34: 0 | O34: 0 | P34: 0 | Q34: 0 | R34: 0 | S34: 0 | T34: 60 | U34: 4.824 | V34: 0.0804 | W34: 0 | X34: 0 | Y34: 0 | Z34: 0 | AA34: 45693 | AB34: Cash Customer - مورد | AC34: 2 | AD34: 0 | AE34: 0 | AG34: 0
A35: ADTV | B35: RM | C35: RM.ADTV.00034 | D35: Yeast instant dry bakmate blue | E35: 0 | F35: 0 | G35: 9605, 305, 301, 605, 605, 301, 305, 9605 | H35: 0 | I35: 0 | J35: 0 | K35: 0 | L35: 0 | M35: 0 | N35: 0 | O35: 0 | P35: 0 | Q35: 0 | R35: 0 | S35: 0 | T35: 0 | U35: 0 | V35: 2.3239 | W35: 0 | X35: 4518.9 | Y35: 19301.85 | Z35: 40285.35 | AA35: 45197 | AB35: YEAST.03/2023 | AC35: 46008 | AD35: 2144.65 | AE35: 3357.1125 | AF35: 0:0 | AG35: 0
A36: ADTV | B36: RM | C36: RM.ADTV.00035 | D36: Marsh Mallows | E36: 0 | F36: 0 | G36: 402, 402 | H36: 0 | I36: 0 | J36: 0 | K36: 0 | L36: 0 | M36: 0 | N36: 0 | O36: 0 | P36: 0 | Q36: 0 | R36: 0 | S36: 0 | T36: 0 | U36: 0 | V36: 0.862 | W36: 0 | X36: 0 | Y36: 0 | Z36: 0 | AA36: 2 | AC36: 2 | AD36: 0 | AE36: 0 | AG36: 0
A37: ADTV | B37: RM | C37: RM.ADTV.00036 | D37: فريش كريم | E37: 89.606 | F37: 319.7715 | G37: 9409, 9304, 801, 9103, 9102, 409, 304, 108, 499, 401, 402, 409, 402, 401, 108, 102, 101, 103, 304, 9304, 304, 102, 101, 103, 9103, 499, 9102, 9409, 801 | H37: 0 | I37: 0 | J37: 0 | K37: 0 | L37: 0 | M37: 0 | N37: 0 | O37: 0 | P37: 0 | Q37: -3 | R37: 0 | S37: -3 | T37: 86.606 | U37: 309.0885 | V37: 3.8679 | W37: 39.294 | X37: 42.237 | Y37: 42.237 | Z37: 42.237 | AA37: 46079 | AB37: شركة المحمودية لتجارة مستلزمات المخابز والحلويات | AC37: 46096 | AD37: 4.693 | AE37: 3.5197 | AF37: 24:18 | AG37: 0
A38: ADTV | B38: RM | C38: RM.ADTV.00037 | D38: عجينه خشنه | E38: 0 | F38: 0 | G38: 101, 402, 101, 402 | H38: 0 | I38: 0 | J38: 0 | K38: 0 | L38: 0 | M38: 0 | N38: 0 | O38: 0 | P38: 0 | Q38: 0 | R38: 0 | S38: 0 | T38: 0 | U38: 0 | V38: 4.31 | W38: 0 | X38: 0 | Y38: 0 | Z38: 0 | AA38: 45525 | AB38: شركة (سالي للتسويق) | AC38: 45532 | AD38: 0 | AE38: 0 | AG38: 0
A39: ADTV | B39: RM | C39: RM.ADTV.00038 | D39: عجينة كنافة Free sugar | E39: 75.8147 | F39: 128.885 | G39: 408, 499, 801, 9112, 9108, 9401, 9402, 9304, 9405, 9408, 402, 401, 405, 306, 304, 108, 112, 499, 9108, 408, 9112, 9402, 801, 405, 9405, 108, 9401, 9408, 9304, 401, 402, 306, 112, 108, 304 | H39: 250 | I39: 0 | J39: 0 | K39: 0 | L39: 0 | M39: 250 | N39: 0 | O39: 0 | P39: 0 | Q39: 0 | R39: 0 | S39: 0 | T39: 325.8147 | U39: 628.885 | V39: 1.9719 | W39: 163.086 | X39: 328.014 | Y39: 449.354 | Z39: 449.354 | AA39: 46112 | AB39: شركة عبيد والنيربيه | AC39: 46081 | AD39: 49.9282 | AE39: 37.4461 | AF39: 8:21 | AG39: 500
A40: ADTV | B40: RM | C40: RM.ADTV.00039 | D40: غزل البنات | V40: 0 | W40: 0 | X40: 0 | Y40: 0 | Z40: 0 | AA40: 2 | AC40: 2 | AD40: 0 | AE40: 0
A41: ADTV | B41: RM | C41: RM.ADTV.00040 | D41: Sweetened Condensed Milk | E41: 11005.192 | F41: 22347.886 | G41: 499, 9108, 801, 605, 9402, 9401, 403, 401, 402, 301, 108, 102, 101, 403, 301, 402, 401, 605, 101, 102, 108, 103, 9108, 9402, 499, 801, 9401, 103, 103 | H41: 0 | I41: 0 | J41: 0 | K41: 0 | L41: 0 | M41: 0 | N41: 0 | O41: 0 | P41: 0 | Q41: -25 | R41: 0 | S41: -25 | T41: 10980.192 | U41: 22297.245 | V41: 2.0307 | W41: 47.812 | X41: 110.812 | Y41: 110.812 | Z41: 110.812 | AA41: 45256 | AB41: Sweetened.02/2023 | AC41: 46106 | AD41: 12.3124 | AE41: 9.2343 | AF41: 1189:1 | AG41: 0
A42: ADTV | B42: RM | C42: RM.ADTV.00041 | D42: Resistamy 368 - 25 kg | E42: 4377.6299 | F42: 16634.994 | G42: 402, 306, 403, 108, 112, 102, 110, 9112, 301, 605, 499, 9108, 9110, 9112, 9102, 9403, 9402, 102, 108, 112, 110, 402, 605, 403, 306, 301, 9403, 403, 108, 9403, 499, 9102, 9108, 112, 9402, 9112, 9110 | H42: 0 | I42: 0 | J42: 0 | K42: 0 | L42: 0 | M42: 0 | N42: 0 | O42: 0 | P42: 0 | Q42: -29.366 | R42: 0 | S42: -29.366 | T42: 4348.2639 | U42: 16523.403 | V42: 3.8 | W42: 104.0768 | X42: 277.9878 | Y42: 377.3698 | Z42: 412.3918 | AA42: 44887 | AB42: شركة نبيل احمد محمد اسماعيل وشريكته | AC42: 46112 | AD42: 41.9299 | AE42: 34.3659 | AF42: 126:15 | AG42: 0
A43: ADTV | B43: RM | C43: RM.ADTV.00042 | D43: عجينة كنافة خشنة | E43: 6483.5871 | F43: 10419.195 | G43: 801, 9112, 408, 9402, 409, 405, 112, 9108, 9409, 499, 9405, 9406, 9304, 9406, 9408, 605, 9108, 9401, 9605, 9405, 409, 499, 108, 405, 408, 406, 101, 306, 403, 605, 402, 401, 406, 110, 112, 304, 108, 101, 9402, 9401, 9304, 9405, 9605, 9408, 9406, 9409, 9112, 9108, 801, 499, 408, 406, 605, 409, 9112, 110, 112, 9408, 9409, 108, 403, 306, 402, 401, 405, 304 | H43: 19505 | I43: 0 | J43: 352.654 | K43: 0 | L43: 0 | M43: 19857.654 | N43: 0 | O43: 0 | P43: -1313.552 | Q43: -13069.815 | R43: -0.6 | S43: -14383.967 | T43: 11957.274 | U43: 20197.637 | V43: 1.5929 | W43: 44792.791 | X43: 93943.611 | Y43: 165774.73 | Z43: 241758.2 | AA43: 46111 | AB43: رمضان ابولبه واولاده - مورد | AC43: 46112 | AD43: 18419.415 | AE43: 20146.516 | AF43: 0:17 | AG43: 32218.5
A44: ADTV | B44: RM | C44: RM.ADTV.00043 | D44: مميع | E44: 1787.8534 | F44: 7151.4136 | G44: 112, 108, 102, 101, 402, 605, 405, 409, 401, 403, 306, 499, 9112, 408, 9402, 9108, 9409, 112, 9401, 9403, 9102, 408, 405, 102, 403, 112, 9112, 401, 102, 101, 409, 9403, 9405, 9605, 9405, 108, 605, 9408, 9401, 108, 9408, 9409, 402, 403, 401, 306, 499, 405, 408, 9108, 9112, 9102, 605, 409, 9408, 9405, 9402, 9401, 9409, 9403, 9605 | H44: 1000 | I44: 0 | J44: 0 | K44: 0 | L44: 0 | M44: 1000 | N44: 0 | O44: 0 | P44: 0 | Q44: -423.083 | R44: -0.5 | S44: -423.583 | T44: 2364.2704 | U44: 9457.0816 | V44: 4 | W44: 1510.7054 | X44: 3029.7984 | Y44: 4973.8804 | Z44: 6955.3324 | AA44: 46098 | AB44: شركة وديع فينان وشركاه | AC44: 46112 | AD44: 552.6533 | AE44: 579.611 | AF44: 4:2 | AG44: 4000
A45: ADTV | B45: RM | C45: RM.ADTV.00044 | D45: البوتاسيوم سوربات | E45: 125.1285 | F45: 450.6837 | G45: 9605, 9403, 9402, 9103, 605, 9102, 9112, 9108, 499, 306, 403, 112, 108, 605, 108, 9605, 9403, 110, 102, 9112, 403, 9403, 103, 112, 9103, 9102, 9108, 499, 9402, 9112, 306, 403, 605, 103, 102, 108, 112, 110 | H45: 0 | I45: 0 | J45: 0 | K45: 0 | L45: 0 | M45: 0 | N45: 0 | O45: 0 | P45: 0 | Q45: -0.994 | R45: -0.399 | S45: -1.393 | T45: 123.7355 | U45: 445.3903 | V45: 3.6361 | W45: 3.4764 | X45: 5.4704 | Y45: 9.4104 | Z45: 10.4114 | AA45: 45844 | AB45: زهرة يافا للتجارة JFT | AC45: 46112 | AD45: 1.0456 | AE45: 0.8676 | AF45: 142:18 | AG45: 0
A46: ADTV | B46: RM | C46: RM.ADTV.00045 | D46: خل ابيض | E46: 801.7827 | F46: 251.2479 | G46: 402, 499, 803, 402, 803, 499, 803 | H46: 3200 | I46: 0 | J46: 0 | K46: 0 | L46: 0 | M46: 3200 | N46: 0 | O46: 0 | P46: 0 | Q46: -800 | R46: 0 | S46: -800 | T46: 3201.7827 | U46: 1001.2479 | V46: 0.3125 | W46: 1069.465 | X46: 1553.465 | Y46: 1553.465 | Z46: 1553.465 | AA46: 46112 | AB46: مؤسسة الزنبقة للاستيراد والتصدير - مورد | AC46: 46106 | AD46: 172.6072 | AE46: 129.4554 | AF46: 24:21 | AG46: 1000
A47: ADTV | B47: RM | C47: RM.ADTV.00046 | D47: خميرة فورية | E47: 0.06 | F47: 0.9 | G47: 499, 402, 402, 499 | H47: 0 | I47: 0 | J47: 0 | K47: 0 | L47: 0 | M47: 0 | N47: 0 | O47: 0 | P47: 0 | Q47: 0 | R47: 0 | S47: 0 | T47: 0.06 | U47: 0.9 | V47: 15 | W47: 0 | X47: 0 | Y47: 0 | Z47: 0 | AA47: 45246 | AB47: Cash Customer - مورد | AC47: 2 | AD47: 0 | AE47: 0 | AG47: 0
A48: ADTV | B48: RM | C48: RM.ADTV.00047 | D48: Sodium Benzoate 25 kg | E48: 43.293 | F48: 0 | G48: 306, 403, 108, 102, 103, 112, 110, 499, 9402, 9108, 9103, 9102, 9112, 9110, 9403, 108, 403, 103, 112, 306, 403, 108, 112, 9112, 110, 9403, 102, 499, 9112, 9110, 9108, 9403, 9402, 9102, 9103 | H48: 0 | I48: 0 | J48: 0.296 | K48: 0 | L48: 0 | M48: 0.296 | N48: 0 | O48: 0 | P48: -0.296 | Q48: -0.592 | R48: 0 | S48: -0.888 | T48: 42.701 | U48: 0 | V48: 1 | W48: 1.776 | X48: 2.96 | Y48: 5.326 | Z48: 5.626 | AA48: 45418 | AB48: زهرة يافا للتجارة JFT | AC48: 46112 | AD48: 0.5917 | AE48: 0.4688 | AF48: 91:2 | AG48: 0
A49: ADTV | B49: RM | C49: RM.ADTV.00048 | D49: Non Dairy Cremer 25 kg | E49: 2098.3452 | F49: 4726.5939 | G49: 9108, 112, 499, 405, 9112, 408, 9112, 405, 102, 408, 9605, 9405, 9405, 108, 9108, 9408, 605, 108, 102, 112, 605, 301, 306, 605, 499, 9108, 9112, 9408, 9605, 9405, 306, 408, 405, 108, 112, 9408, 301 | H49: 0 | I49: 0 | J49: 0 | K49: 0 | L49: 0 | M49: 0 | N49: 0 | O49: 0 | P49: 0 | Q49: -602.434 | R49: -2.5705 | S49: -605.0045 | T49: 1493.3407 | U49: 3363.8006 | V49: 1.9569 | W49: 8347.0852 | X49: 8357.7127 | Y49: 8392.2127 | Z49: 8442.2127 | AA49: 45298 | AB49: OMAN.01/2024 | AC49: 46106 | AD49: 932.468 | AE49: 703.5177 | AF49: 2:3 | AG49: 0
A50: ADTV | B50: RM | C50: RM.ADTV.00049 | D50: CAPOL 11-5519 | E50: 223.4755 | F50: 1859.6449 | G50: 9102, 9402, 9401, 9403, 9108, 9112, 409, 499, 102, 101, 108, 112, 403, 306, 401, 402, 203, 9401, 103, 9102, 102, 9403, 9112, 409, 9108, 499, 9402, 112, 102, 108, 101, 103, 403, 306, 203, 402, 401 | H50: 0 | I50: 0 | J50: 0 | K50: 0 | L50: 0 | M50: 0 | N50: 0 | O50: 0 | P50: 0 | Q50: 0 | R50: 0 | S50: 0 | T50: 223.4755 | U50: 1859.6449 | V50: 8.3215 | W50: 0.9768 | X50: 18.3238 | Y50: 95.6058 | Z50: 396.7533 | AA50: 2 | AC50: 46081 | AD50: 10.6228 | AE50: 33.0627 | AF50: 6:22 | AG50: 0
A51: ADTV | B51: RM | C51: RM.ADTV.00050 | D51: CAPOL 425 M | E51: 1428.6253 | F51: 21266.782 | G51: 103, 403, 9102, 102, 108, 9405, 9403, 405, 9112, 9104, 9402, 9103, 9102, 499, 9108, 103, 112, 104, 108, 102, 101, 203, 701, 306, 403, 101, 102, 112, 108, 104, 203, 403, 306, 9402, 9104, 9405, 9403, 701, 9102, 9103, 9108, 9112, 499, 405 | H51: 0 | I51: 0 | J51: 0 | K51: 0 | L51: 0 | M51: 0 | N51: 0 | O51: 0 | P51: -27.45 | Q51: -8.01 | R51: 0 | S51: -35.46 | T51: 1393.1653 | U51: 20738.92 | V51: 14.8856 | W51: 41.6958 | X51: 108.1575 | Y51: 151.1615 | Z51: 196.7331 | AA51: 45540 | AB51: CAPOL.03/2024 | AC51: 46112 | AD51: 16.7957 | AE51: 16.3944 | AF51: 84:29 | AG51: 0
A52: ADTV | B52: RM | C52: RM.ADTV.00051 | D52: CAPOL 254 N | E52: 1805.3114 | F52: 10125.908 | G52: 301, 112, 104, 108, 306, 402, 403, 9403, 9112, 9102, 9108, 499, 701, 9402, 9301, 9103, 9104, 306, 301, 403, 402, 701, 112, 102, 108, 103, 104, 9108, 108, 301, 9403, 9301, 9102, 403, 9403, 102, 103, 102, 9112, 9301, 9104, 499, 9402, 9103, 9102, 9108 | H52: 0 | I52: 0 | J52: 25 | K52: 8.46 | L52: 0 | M52: 33.46 | N52: 0 | O52: -50 | P52: 0 | Q52: -124.521 | R52: 0 | S52: -174.521 | T52: 1664.2504 | U52: 9336.1787 | V52: 5.598 | W52: 744.6812 | X52: 1103.9397 | Y52: 1181.0307 | Z52: 1195.9107 | AA52: 45540 | AB52: CAPOL.03/2024 | AC52: 46112 | AD52: 131.2256 | AE52: 99.6592 | AF52: 16:20 | AG52: 0
A53: ADTV | B53: RM | C53: RM.ADTV.00052 | D53: Quick Lac IPA | E53: 655.4203 | F53: 12393.602 | G53: 108, 102, 403, 306, 9402, 499, 9108, 102, 108, 108, 403, 306, 499, 9108, 9402 | H53: 0 | I53: 0 | J53: 2.45 | K53: 0 | L53: 0 | M53: 2.45 | N53: 0 | O53: 0 | P53: 0 | Q53: 0 | R53: 0 | S53: 0 | T53: 657.8703 | U53: 12439.055 | V53: 18.5523 | W53: 1.9068 | X53: 1.9068 | Y53: 1.9068 | Z53: 1.9068 | AA53: 45587 | AB53: Quick .03/2024 | AC53: 46081 | AD53: 0.2118 | AE53: 0.1589 | AF53: 4140:4 | AG53: 0
A54: ADTV | B54: RM | C54: RM.ADTV.00053 | D54: Quick Shine | E54: 443.1377 | F54: 2371.9225 | G54: 9402, 9108, 701, 499, 306, 403, 108, 102, 9108, 499, 9402, 306, 403, 701, 102, 108 | H54: 0 | I54: 0 | J54: 0 | K54: 0 | L54: 0 | M54: 0 | N54: 0 | O54: 0 | P54: 0 | Q54: 0 | R54: 0 | S54: 0 | T54: 443.1377 | U54: 2371.9225 | V54: 5.3526 | W54: 2.4418 | X54: 2.4418 | Y54: 5.4418 | Z54: 5.4418 | AA54: 45587 | AB54: Quick .03/2024 | AC54: 46081 | AD54: 0.6046 | AE54: 0.4534 | AF54: 977:5 | AG54: 0
A55: ADTV | B55: RM | C55: RM.ADTV.00054 | D55: Corn Starch | E55: 266.9487 | F55: 101.2563 | G55: 306, 403, 103, 101, 108, 102, 112, 9402, 499, 9108, 9112, 9403, 103, 306, 403, 112, 108, 101, 102, 499, 9112, 9108, 9403, 9402 | H55: 0 | I55: 0 | J55: 0 | K55: 0 | L55: 0 | M55: 0 | N55: 0 | O55: 0 | P55: 0 | Q55: 0 | R55: 0 | S55: 0 | T55: 266.9487 | U55: 101.2563 | V55: 0.3793 | W55: 1.465 | X55: 136.399 | Y55: 136.399 | Z55: 136.399 | AA55: 45859 | AB55: شركة زمزم اخوان للتجارة | AC55: 46081 | AD55: 15.1554 | AE55: 11.3665 | AF55: 23:14 | AG55: 0
A56: ADTV | B56: RM | C56: RM.ADTV.00055 | D56: Native Rice Starch | E56: 894.2738 | F56: 775.5894 | G56: 103, 108, 102, 112, 306, 403, 605, 701, 605, 9403, 108, 9405, 9605, 103, 405, 9402, 9112, 9108, 112, 499, 112, 108, 9112, 102, 306, 403, 9605, 9405, 9403, 9402, 9108, 9112, 701, 499, 605, 405 | H56: 0 | I56: 0 | J56: 0 | K56: 0 | L56: 0 | M56: 0 | N56: 0 | O56: 0 | P56: 0 | Q56: 0 | R56: -0.63 | S56: -0.63 | T56: 893.6438 | U56: 775.043 | V56: 0.8673 | W56: 12.612 | X56: 49.175 | Y56: 72.926 | Z56: 114.801 | AA56: 45743 | AB56: NATIVE.01/2025 | AC56: 46081 | AD56: 8.1028 | AE56: 9.5667 | AF56: 93:12 | AG56: 0
A57: ADTV | B57: RM | C57: RM.ADTV.00056 | D57: Potato starch | E57: 0 | F57: 0 | G57: 403, 9402, 101, 403, 101, 9402 | H57: 0 | I57: 0 | J57: 0 | K57: 0 | L57: 0 | M57: 0 | N57: 0 | O57: 0 | P57: 0 | Q57: 0 | R57: 0 | S57: 0 | T57: 0 | U57: 0 | V57: 0.7328 | W57: 0 | X57: 0 | Y57: 0 | Z57: 0 | AA57: 44446 | AB57: شركة زمزم اخوان للتجارة | AC57: 44601 | AD57: 0 | AE57: 0 | AG57: 0
A58: ADTV | B58: RM | C58: RM.ADTV.00057 | D58: CORN STARCH NATURAL - 25 kg | E58: 0 | F58: 0 | G58: 403, 301, 403, 301 | H58: 0 | I58: 0 | J58: 0 | K58: 0 | L58: 0 | M58: 0 | N58: 0 | O58: 0 | P58: 0 | Q58: 0 | R58: 0 | S58: 0 | T58: 0 | U58: 0 | V58: 0.5862 | W58: 0 | X58: 0 | Y58: 0 | Z58: 0 | AA58: 44737 | AB58: ABED.12/2022 | AC58: 45505 | AD58: 0 | AE58: 0 | AG58: 0
A59: ADTV | B59: RM | C59: RM.ADTV.00058 | D59: CORN STARCH NATURAL MASTER FOOD - 25 kg | E59: 432.2648 | F59: 180.7694 | G59: 405, 499, 408, 9112, 801, 9108, 701, 605, 9403, 9405, 9408, 9402, 306, 403, 301, 305, 108, 112, 102, 9112, 403, 306, 301, 305, 701, 605, 102, 108, 112, 9108, 499, 9402, 9112, 408, 405, 801, 9403, 9405, 108, 112, 9408 | H59: 0 | I59: 0 | J59: 0 | K59: 0 | L59: 0 | M59: 0 | N59: 0 | O59: 0 | P59: 0 | Q59: 0 | R59: 0 | S59: 0 | T59: 432.2648 | U59: 180.7694 | V59: 0.4575 | W59: 166.0494 | X59: 530.5954 | Y59: 880.3884 | Z59: 42993.412 | AA59: 45928 | AB59: شركة ابناء درويش مصطفى الصعيدي التجارية و شركائهم | AC59: 46081 | AD59: 97.8209 | AE59: 3582.7843 | AF59: 0:3 | AG59: 0
A60: ADTV | B60: RM | C60: RM.ADTV.0059 | D60: اصابع جوز هند | E60: 243.3527 | F60: 3105.1805 | G60: 101, 499, 9409, 409, 101, 409, 499, 9409 | H60: 0 | I60: 0 | J60: 0 | K60: 0 | L60: 0 | M60: 0 | N60: 0 | O60: 0 | P60: 0 | Q60: 0 | R60: 0 | S60: 0 | T60: 243.3527 | U60: 3105.1805 | V60: 12.76 | W60: 1.465 | X60: 489.395 | Y60: 489.395 | Z60: 489.395 | AA60: 45978 | AB60: حلويات عبداللطيف التوم | AC60: 46081 | AD60: 54.3772 | AE60: 40.7829 | AF60: 5:29 | AG60: 0
A61: ADTV | B61: RM | C61: RM.ADTV.0060 | D61: اصابع لوتس | E61: 75.3775 | F61: 693.4148 | G61: 9409, 409, 499, 101, 409, 9409, 499, 101 | H61: 0 | I61: 0 | J61: 0 | K61: 0 | L61: 0 | M61: 0 | N61: 0 | O61: 0 | P61: 0 | Q61: 0 | R61: 0 | S61: 0 | T61: 75.3775 | U61: 693.4148 | V61: 6 | W61: 66.6484 | X61: 695.1684 | Y61: 695.1684 | Z61: 695.1684 | AA61: 46029 | AB61: شركة عبيد والنيربيه | AC61: 46081 | AD61: 77.2409 | AE61: 57.9307 | AF61: 1:9 | AG61: 0
A62: ADTV | B62: RM | C62: RM.ADTV.0061 | D62: اصابع فستق حلبي | E62: 21.4628 | F62: 236.1199 | G62: 9409, 499, 409, 101, 409, 9409, 499, 101 | H62: 0 | I62: 0 | J62: 0 | K62: 0 | L62: 0 | M62: 0 | N62: 0 | O62: 0 | P62: 0 | Q62: 0 | R62: 0 | S62: 0 | T62: 21.4628 | U62: 236.1199 | V62: 11 | W62: 696.0984 | X62: 700.3484 | Y62: 700.3484 | Z62: 700.3484 | AA62: 46027 | AB62: شركة عبيد والنيربيه | AC62: 46081 | AD62: 77.8164 | AE62: 58.3623 | AF62: 0:11 | AG62: 0
A63: ADTV | B63: RM | C63: RM.ADTV.0062 | D63: اصابع كاجو | E63: 77.0963 | F63: 633.2777 | G63: 409, 499, 9409, 101, 101, 409, 401, 101, 9409, 409, 499, 401, 9409 | H63: 354 | I63: 0 | J63: 0 | K63: 0 | L63: 0 | M63: 354 | N63: 0 | O63: 0 | P63: 0 | Q63: 0 | R63: 0 | S63: 0 | T63: 431.0963 | U63: 3465.2777 | V63: 8 | W63: 1116.7658 | X63: 1120.9158 | Y63: 1120.9158 | Z63: 1120.9158 | AA63: 46112 | AB63: شركة عبيد والنيربيه | AC63: 46081 | AD63: 124.5462 | AE63: 93.4096 | AF63: 4:18 | AG63: 2832
A64: ADTV | B64: RM | C64: RM.ADTV.0063 | D64: اصابع بيكان | V64: 0 | W64: 0 | X64: 0 | Y64: 0 | Z64: 0 | AA64: 2 | AC64: 2 | AD64: 0 | AE64: 0
A65: ADTV | B65: RM | C65: RM.ADTV.0064 | D65: بقلاوة عيون | E65: 7.385 | F65: 81.235 | G65: 409, 9409, 101, 101, 9409, 409 | H65: 0 | I65: 0 | J65: 0 | K65: 0 | L65: 0 | M65: 0 | N65: 0 | O65: 0 | P65: 0 | Q65: 0 | R65: 0 | S65: 0 | T65: 7.385 | U65: 81.235 | V65: 11 | W65: 884.8 | X65: 884.8 | Y65: 884.8 | Z65: 884.8 | AA65: 46054 | AB65: شركة عبيد والنيربيه | AC65: 46053 | AD65: 98.3111 | AE65: 73.7333 | AF65: 0:3 | AG65: 0
A66: ADTV | B66: RM | C66: RM.ADTV.0065 | D66: ملح بحري | E66: 3 | F66: 2.025 | G66: 108, 402, 409, 801, 9403, 403, 409, 409, 801, 9403, 801, 108, 403, 402 | H66: 0 | I66: 0 | J66: 0 | K66: 0 | L66: 0 | M66: 0 | N66: 0 | O66: 0 | P66: -0.3 | Q66: -0.04 | R66: 0 | S66: -0.34 | T66: 2.66 | U66: 1.8375 | V66: 0.75 | W66: 0.34 | X66: 0.34 | Y66: 0.34 | Z66: 0.34 | AA66: 46051 | AB66: Cash Customer - مورد | AC66: 46105 | AD66: 0.0377 | AE66: 0.0283 | AF66: 93:26 | AG66: 0
A67: ADTV | B67: RM | C67: RM.ADTV.0066 | D67: White powder cream | E67: 26.7 | F67: 133.8327 | G67: 108, 304, 801, 108, 304, 801 | H67: 0 | I67: 0 | J67: 0 | K67: 0 | L67: 0 | M67: 0 | N67: 0 | O67: 0 | P67: 0 | Q67: 0 | R67: 0 | S67: 0 | T67: 26.7 | U67: 133.8327 | V67: 5.1653 | W67: 0 | X67: 0 | Y67: 0 | Z67: 0 | AA67: 46075 | AB67: مؤسسة عادل النتشة للتعبئة والتغليف | AC67: 2 | AD67: 0 | AE67: 0 | AG67: 0
