Workbook

Sheet الفواتير
A1: OrderNo | B1: =مجاميع!A2 -> 2600325 | G1: OrderDate | H1: =مجاميع!B2 -> 46084
A2: Name | B2: =مجاميع!C2 -> BakeMark USA LLC
A4: ItemNo | B4: ItemDesc_Ara | C4: Qty | D4: U.Price | E4: U.Cost | F4: O.H | G4: Total Cost | H4: Total Value | I4: Margin | J4: Margin %
A5: =مجاميع!A5 -> FGM.FIL.3535.0343 | B5: =مجاميع!B5 -> Kunafa Pistachio Crunchy Filling ( BAKE MARK - SING ) 6 Pail *1 kg | C5: =مجاميع!C5 -> 5070 | D5: =مجاميع!D5 -> 5.921 | E5: =مجاميع!I5 -> 2.3253 | F5: 0.18 | G5: =+(C5*E5)*(F5)+(C5*E5) -> 13911.34 | H5: =مجاميع!E5 -> 30021.498 | I5: =+H5-G5 -> 16110.158 | J5: =(H5-G5)/H5 -> 0.53662073
D6: =+D5/0.71 -> 8.3394366 | E6: =+E5/0.71 -> 3.2750704 | G6: =+G5/0.71 -> 19593.436 | H6: =+H5/0.71 -> 42283.8 | I6: =+I5/0.71 -> 22690.364
A7: =مجاميع!A6 -> FGM.FIL.3536.0343 | B7: =مجاميع!B6 -> Kunafa Pistachio Filling ( BAKE MARK - SING ) 4 Pail *5 kg | C7: =مجاميع!C6 -> 400 | D7: =مجاميع!D6 -> 5.921 | E7: =مجاميع!I6 -> 2.2266 | F7: 0.18 | G7: =+(C7*E7)*(F7)+(C7*E7) -> 1050.9552 | H7: =مجاميع!E6 -> 2368.56 | I7: =+H7-G7 -> 1317.6048 | J7: =(H7-G7)/H7 -> 0.55628939
D8: =+D7/0.71 -> 8.3394366 | E8: =+E7/0.71 -> 3.1360563 | G8: =+G7/0.71 -> 1480.2186 | H8: =+H7/0.71 -> 3336 | I8: =+I7/0.71 -> 1855.7814
A9: =مجاميع!A7 -> FGM.FIL.3537.0343 | B9: =مجاميع!B7 -> Bisco Crunchy Filling ( BAKE MARK - SING ) 6 Pail *1 kg | C9: =مجاميع!C7 -> 1014 | D9: =مجاميع!D7 -> 3.656 | E9: =مجاميع!I7 -> 1.6663 | F9: 0.18 | G9: =+(C9*E9)*(F9)+(C9*E9) -> 1993.7613 | H9: =مجاميع!E7 -> 3707.691 | I9: =+H9-G9 -> 1713.9297 | J9: =(H9-G9)/H9 -> 0.46226337
D10: =+D9/0.71 -> 5.1492958 | E10: =+E9/0.71 -> 2.3469014 | G10: =+G9/0.71 -> 2808.1145 | H10: =+H9/0.71 -> 5222.1 | I10: =+I9/0.71 -> 2413.9855
A11: =مجاميع!A8 -> FGM.FIL.3871.0343 | B11: =مجاميع!B8 -> Kunafa Peanut Butter Filling ( Bake Mark - SING ) 6Pail *1 kg | C11: =مجاميع!C8 -> 300 | D11: =مجاميع!D8 -> 2.982 | E11: =مجاميع!I8 -> 2.2401 | F11: 0.18 | G11: =+(C11*E11)*(F11)+(C11*E11) -> 792.9954 | H11: =مجاميع!E8 -> 894.6 | I11: =+H11-G11 -> 101.6046 | J11: =(H11-G11)/H11 -> 0.11357545
D12: =+D11/0.71 -> 4.2 | E12: =+E11/0.71 -> 3.1550704 | G12: =+G11/0.71 -> 1116.8949 | H12: =+H11/0.71 -> 1260 | I12: =+I11/0.71 -> 143.10507
A13: =مجاميع!A9 -> FGM.FIL.3873.0343 | B13: =مجاميع!B9 -> Milk Chocolate Cream With Fuellitine Crunchy (Bake Mark - SING ) 6 Pail * 1 KG | C13: =مجاميع!C9 -> 102 | D13: =مجاميع!D9 -> 4.047 | E13: =مجاميع!I9 -> 2.0704 | F13: 0.18 | G13: =+(C13*E13)*(F13)+(C13*E13) -> 249.19334 | H13: =مجاميع!E9 -> 412.794 | I13: =+H13-G13 -> 163.60066 | J13: =(H13-G13)/H13 -> 0.39632518
D14: =+D13/0.71 -> 5.7 | E14: =+E13/0.71 -> 2.9160563 | G14: =+G13/0.71 -> 350.97654 | H14: =+H13/0.71 -> 581.4 | I14: =+I13/0.71 -> 230.42346
A15: =مجاميع!A10 -> FGM.FIL.3874.0343 | B15: =مجاميع!B10 -> Milk Chocolate Cream With Fuellitine ( Bake Mark - SING ) 4 Pail *5 kg | C15: =مجاميع!C10 -> 2000 | D15: =مجاميع!D10 -> 4.047 | E15: =مجاميع!I10 -> 1.9716 | F15: 0.18 | G15: =+(C15*E15)*(F15)+(C15*E15) -> 4652.976 | H15: =مجاميع!E10 -> 8094 | I15: =+H15-G15 -> 3441.024 | J15: =(H15-G15)/H15 -> 0.42513269
D16: =+D15/0.71 -> 5.7 | E16: =+E15/0.71 -> 2.7769014 | G16: =+G15/0.71 -> 6553.4873 | H16: =+H15/0.71 -> 11400 | I16: =+I15/0.71 -> 4846.5127
A17: =مجاميع!A11 -> 0 | B17: =مجاميع!B11 -> 0 | C17: =مجاميع!C11 -> 0 | D17: =مجاميع!D11 -> 0 | E17: =مجاميع!I11 -> 0 | F17: 0.18 | G17: =+(C17*E17)*(F17)+(C17*E17) -> 0 | H17: =مجاميع!E11 -> 0 | I17: =+H17-G17 -> 0 | J17: =(H17-G17)/H17 -> #DIV/0!
D18: =+D17/0.71 -> 0 | E18: =+E17/0.71 -> 0 | G18: =+G17/0.71 -> 0 | H18: =+H17/0.71 -> 0 | I18: =+I17/0.71 -> 0
A19: =مجاميع!A12 -> 0 | B19: =مجاميع!B12 -> 0 | C19: =مجاميع!C12 -> 0 | D19: =مجاميع!D12 -> 0 | E19: =مجاميع!I12 -> 0 | F19: 0.18 | G19: =+(C19*E19)*(F19)+(C19*E19) -> 0 | H19: =مجاميع!E12 -> 0 | I19: =+H19-G19 -> 0 | J19: =(H19-G19)/H19 -> #DIV/0!
D20: =+D19/0.71 -> 0 | E20: =+E19/0.71 -> 0 | G20: =+G19/0.71 -> 0 | H20: =+H19/0.71 -> 0 | I20: =+I19/0.71 -> 0
A21: =مجاميع!A13 -> 0 | B21: =مجاميع!B13 -> 0 | C21: =مجاميع!C13 -> 0 | D21: =مجاميع!D13 -> 0 | E21: =مجاميع!I13 -> 0 | F21: 0.18 | G21: =+(C21*E21)*(F21)+(C21*E21) -> 0 | H21: =مجاميع!E13 -> 0 | I21: =+H21-G21 -> 0 | J21: =(H21-G21)/H21 -> #DIV/0!
D22: =+D21/0.71 -> 0 | E22: =+E21/0.71 -> 0 | G22: =+G21/0.71 -> 0 | H22: =+H21/0.71 -> 0 | I22: =+I21/0.71 -> 0
A23: =مجاميع!A14 -> 0 | B23: =مجاميع!B14 -> 0 | C23: =مجاميع!C14 -> 0 | D23: =مجاميع!D14 -> 0 | E23: =مجاميع!I14 -> 0 | F23: 0.18 | G23: =+(C23*E23)*(F23)+(C23*E23) -> 0 | H23: =مجاميع!E14 -> 0 | I23: =+H23-G23 -> 0 | J23: =(H23-G23)/H23 -> #DIV/0!
D24: =+D23/0.71 -> 0 | E24: =+E23/0.71 -> 0 | G24: =+G23/0.71 -> 0 | H24: =+H23/0.71 -> 0 | I24: =+I23/0.71 -> 0
A25: =مجاميع!A15 -> 0 | B25: =مجاميع!B15 -> 0 | C25: =مجاميع!C15 -> 0 | D25: =مجاميع!D15 -> 0 | E25: =مجاميع!I15 -> 0 | F25: 0.18 | G25: =+(C25*E25)*(F25)+(C25*E25) -> 0 | H25: =مجاميع!E15 -> 0 | I25: =+H25-G25 -> 0 | J25: =(H25-G25)/H25 -> #DIV/0!
D26: =+D25/0.71 -> 0 | E26: =+E25/0.71 -> 0 | G26: =+G25/0.71 -> 0 | H26: =+H25/0.71 -> 0 | I26: =+I25/0.71 -> 0
A27: =مجاميع!A16 -> 0 | B27: =مجاميع!B16 -> 0 | C27: =مجاميع!C16 -> 0 | D27: =مجاميع!D16 -> 0 | E27: =مجاميع!I16 -> 0 | F27: 0.18 | G27: =+(C27*E27)*(F27)+(C27*E27) -> 0 | H27: =مجاميع!E16 -> 0 | I27: =+H27-G27 -> 0 | J27: =(H27-G27)/H27 -> #DIV/0!
D28: =+D27/0.71 -> 0 | E28: =+E27/0.71 -> 0 | G28: =+G27/0.71 -> 0 | H28: =+H27/0.71 -> 0 | I28: =+I27/0.71 -> 0
A29: =مجاميع!A17 -> 0 | B29: =مجاميع!B17 -> 0 | C29: =مجاميع!C17 -> 0 | D29: =مجاميع!D17 -> 0 | E29: =مجاميع!I17 -> 0 | F29: 0.18 | G29: =+(C29*E29)*(F29)+(C29*E29) -> 0 | H29: =مجاميع!E17 -> 0 | I29: =+H29-G29 -> 0 | J29: =(H29-G29)/H29 -> #DIV/0!
D30: =+D29/0.71 -> 0 | E30: =+E29/0.71 -> 0 | G30: =+G29/0.71 -> 0 | H30: =+H29/0.71 -> 0 | I30: =+I29/0.71 -> 0
A31: =مجاميع!A18 -> 0 | B31: =مجاميع!B18 -> 0 | C31: =مجاميع!C18 -> 0 | D31: =مجاميع!D18 -> 0 | E31: =مجاميع!I18 -> 0 | F31: 0.18 | G31: =+(C31*E31)*(F31)+(C31*E31) -> 0 | H31: =مجاميع!E18 -> 0 | I31: =+H31-G31 -> 0 | J31: =(H31-G31)/H31 -> #DIV/0!
D32: =+D31/0.71 -> 0 | E32: =+E31/0.71 -> 0 | G32: =+G31/0.71 -> 0 | H32: =+H31/0.71 -> 0 | I32: =+I31/0.71 -> 0
A33: =مجاميع!A19 -> 0 | B33: =مجاميع!B19 -> 0 | C33: =مجاميع!C19 -> 0 | D33: =مجاميع!D19 -> 0 | E33: =مجاميع!I19 -> 0 | F33: 0.18 | G33: =+(C33*E33)*(F33)+(C33*E33) -> 0 | H33: =مجاميع!E19 -> 0 | I33: =+H33-G33 -> 0 | J33: =(H33-G33)/H33 -> #DIV/0!
D34: =+D33/0.71 -> 0 | E34: =+E33/0.71 -> 0 | G34: =+G33/0.71 -> 0 | H34: =+H33/0.71 -> 0 | I34: =+I33/0.71 -> 0
A35: =مجاميع!A20 -> 0 | B35: =مجاميع!B20 -> 0 | C35: =مجاميع!C20 -> 0 | D35: =مجاميع!D20 -> 0 | E35: =مجاميع!I20 -> 0 | F35: 0.18 | G35: =+(C35*E35)*(F35)+(C35*E35) -> 0 | H35: =مجاميع!E20 -> 0 | I35: =+H35-G35 -> 0 | J35: =(H35-G35)/H35 -> #DIV/0!
D36: =+D35/0.71 -> 0 | E36: =+E35/0.71 -> 0 | G36: =+G35/0.71 -> 0 | H36: =+H35/0.71 -> 0 | I36: =+I35/0.71 -> 0
A37: =مجاميع!A21 -> 0 | B37: =مجاميع!B21 -> 0 | C37: =مجاميع!C21 -> 0 | D37: =مجاميع!D21 -> 0 | E37: =مجاميع!I21 -> 0 | F37: 0.18 | G37: =+(C37*E37)*(F37)+(C37*E37) -> 0 | H37: =مجاميع!E21 -> 0 | I37: =+H37-G37 -> 0 | J37: =(H37-G37)/H37 -> #DIV/0!
D38: =+D37/0.71 -> 0 | E38: =+E37/0.71 -> 0 | G38: =+G37/0.71 -> 0 | H38: =+H37/0.71 -> 0 | I38: =+I37/0.71 -> 0
A39: =مجاميع!A22 -> 0 | B39: =مجاميع!B22 -> 0 | C39: =مجاميع!C22 -> 0 | D39: =مجاميع!D22 -> 0 | E39: =مجاميع!I22 -> 0 | F39: 0.18 | G39: =+(C39*E39)*(F39)+(C39*E39) -> 0 | H39: =مجاميع!E22 -> 0 | I39: =+H39-G39 -> 0 | J39: =(H39-G39)/H39 -> #DIV/0!
D40: =+D39/0.71 -> 0 | E40: =+E39/0.71 -> 0 | G40: =+G39/0.71 -> 0 | H40: =+H39/0.71 -> 0 | I40: =+I39/0.71 -> 0
A41: =مجاميع!A23 -> 0 | B41: =مجاميع!B23 -> 0 | C41: =مجاميع!C23 -> 0 | D41: =مجاميع!D23 -> 0 | E41: =مجاميع!I23 -> 0 | F41: 0.18 | G41: =+(C41*E41)*(F41)+(C41*E41) -> 0 | H41: =مجاميع!E23 -> 0 | I41: =+H41-G41 -> 0 | J41: =(H41-G41)/H41 -> #DIV/0!
D42: =+D41/0.71 -> 0 | E42: =+E41/0.71 -> 0 | G42: =+G41/0.71 -> 0 | H42: =+H41/0.71 -> 0 | I42: =+I41/0.71 -> 0
A43: =مجاميع!A24 -> 0 | B43: =مجاميع!B24 -> 0 | C43: =مجاميع!C24 -> 0 | D43: =مجاميع!D24 -> 0 | E43: =مجاميع!I24 -> 0 | F43: 0.18 | G43: =+(C43*E43)*(F43)+(C43*E43) -> 0 | H43: =مجاميع!E24 -> 0 | I43: =+H43-G43 -> 0 | J43: =(H43-G43)/H43 -> #DIV/0!
D44: =+D43/0.71 -> 0 | E44: =+E43/0.71 -> 0 | G44: =+G43/0.71 -> 0 | H44: =+H43/0.71 -> 0 | I44: =+I43/0.71 -> 0
A45: =مجاميع!A25 -> 0 | B45: =مجاميع!B25 -> 0 | C45: =مجاميع!C25 -> 0 | D45: =مجاميع!D25 -> 0 | E45: =مجاميع!I25 -> 0 | F45: 0.18 | G45: =+(C45*E45)*(F45)+(C45*E45) -> 0 | H45: =مجاميع!E25 -> 0 | I45: =+H45-G45 -> 0 | J45: =(H45-G45)/H45 -> #DIV/0!
D46: =+D45/0.71 -> 0 | E46: =+E45/0.71 -> 0 | G46: =+G45/0.71 -> 0 | H46: =+H45/0.71 -> 0 | I46: =+I45/0.71 -> 0
A47: =مجاميع!A26 -> 0 | B47: =مجاميع!B26 -> 0 | C47: =مجاميع!C26 -> 0 | D47: =مجاميع!D26 -> 0 | E47: =مجاميع!I26 -> 0 | F47: 0.18 | G47: =+(C47*E47)*(F47)+(C47*E47) -> 0 | H47: =مجاميع!E26 -> 0 | I47: =+H47-G47 -> 0 | J47: =(H47-G47)/H47 -> #DIV/0!
D48: =+D47/0.71 -> 0 | E48: =+E47/0.71 -> 0 | G48: =+G47/0.71 -> 0 | H48: =+H47/0.71 -> 0 | I48: =+I47/0.71 -> 0
A49: =مجاميع!A27 -> 0 | B49: =مجاميع!B27 -> 0 | C49: =مجاميع!C27 -> 0 | D49: =مجاميع!D27 -> 0 | E49: =مجاميع!I27 -> 0 | F49: 0.18 | G49: =+(C49*E49)*(F49)+(C49*E49) -> 0 | H49: =مجاميع!E27 -> 0 | I49: =+H49-G49 -> 0 | J49: =(H49-G49)/H49 -> #DIV/0!
D50: =+D49/0.71 -> 0 | E50: =+E49/0.71 -> 0 | G50: =+G49/0.71 -> 0 | H50: =+H49/0.71 -> 0 | I50: =+I49/0.71 -> 0
A51: =مجاميع!A28 -> 0 | B51: =مجاميع!B28 -> 0 | C51: =مجاميع!C28 -> 0 | D51: =مجاميع!D28 -> 0 | E51: =مجاميع!I28 -> 0 | F51: 0.18 | G51: =+(C51*E51)*(F51)+(C51*E51) -> 0 | H51: =مجاميع!E28 -> 0 | I51: =+H51-G51 -> 0 | J51: =(H51-G51)/H51 -> #DIV/0!
D52: =+D51/0.71 -> 0 | E52: =+E51/0.71 -> 0 | G52: =+G51/0.71 -> 0 | H52: =+H51/0.71 -> 0 | I52: =+I51/0.71 -> 0
A53: =مجاميع!A29 -> 0 | B53: =مجاميع!B29 -> 0 | C53: =مجاميع!C29 -> 0 | D53: =مجاميع!D29 -> 0 | E53: =مجاميع!I29 -> 0 | F53: 0.18 | G53: =+(C53*E53)*(F53)+(C53*E53) -> 0 | H53: =مجاميع!E29 -> 0 | I53: =+H53-G53 -> 0 | J53: =(H53-G53)/H53 -> #DIV/0!
D54: =+D53/0.71 -> 0 | E54: =+E53/0.71 -> 0 | G54: =+G53/0.71 -> 0 | H54: =+H53/0.71 -> 0 | I54: =+I53/0.71 -> 0
A55: =مجاميع!A30 -> 0 | B55: =مجاميع!B30 -> 0 | C55: =مجاميع!C30 -> 0 | D55: =مجاميع!D30 -> 0 | E55: =مجاميع!I30 -> 0 | F55: 0.18 | G55: =+(C55*E55)*(F55)+(C55*E55) -> 0 | H55: =مجاميع!E30 -> 0 | I55: =+H55-G55 -> 0 | J55: =(H55-G55)/H55 -> #DIV/0!
D56: =+D55/0.71 -> 0 | E56: =+E55/0.71 -> 0 | G56: =+G55/0.71 -> 0 | H56: =+H55/0.71 -> 0 | I56: =+I55/0.71 -> 0
A57: =مجاميع!A31 -> 0 | B57: =مجاميع!B31 -> 0 | C57: =مجاميع!C31 -> 0 | D57: =مجاميع!D31 -> 0 | E57: =مجاميع!I31 -> 0 | F57: 0.18 | G57: =+(C57*E57)*(F57)+(C57*E57) -> 0 | H57: =مجاميع!E31 -> 0 | I57: =+H57-G57 -> 0 | J57: =(H57-G57)/H57 -> #DIV/0!
D58: =+D57/0.71 -> 0 | E58: =+E57/0.71 -> 0 | G58: =+G57/0.71 -> 0 | H58: =+H57/0.71 -> 0 | I58: =+I57/0.71 -> 0
A59: =مجاميع!A32 -> 0 | B59: =مجاميع!B32 -> 0 | C59: =مجاميع!C32 -> 0 | D59: =مجاميع!D32 -> 0 | E59: =مجاميع!I32 -> 0 | F59: 0.18 | G59: =+(C59*E59)*(F59)+(C59*E59) -> 0 | H59: =مجاميع!E32 -> 0 | I59: =+H59-G59 -> 0 | J59: =(H59-G59)/H59 -> #DIV/0!
D60: =+D59/0.71 -> 0 | E60: =+E59/0.71 -> 0 | G60: =+G59/0.71 -> 0 | H60: =+H59/0.71 -> 0 | I60: =+I59/0.71 -> 0
A61: =مجاميع!A33 -> 0 | B61: =مجاميع!B33 -> 0 | C61: =مجاميع!C33 -> 0 | D61: =مجاميع!D33 -> 0 | E61: =مجاميع!I33 -> 0 | F61: 0.18 | G61: =+(C61*E61)*(F61)+(C61*E61) -> 0 | H61: =مجاميع!E33 -> 0 | I61: =+H61-G61 -> 0 | J61: =(H61-G61)/H61 -> #DIV/0!
D62: =+D61/0.71 -> 0 | E62: =+E61/0.71 -> 0 | G62: =+G61/0.71 -> 0 | H62: =+H61/0.71 -> 0 | I62: =+I61/0.71 -> 0
A63: =مجاميع!A34 -> 0 | B63: =مجاميع!B34 -> 0 | C63: =مجاميع!C34 -> 0 | D63: =مجاميع!D34 -> 0 | E63: =مجاميع!I34 -> 0 | F63: 0.18 | G63: =+(C63*E63)*(F63)+(C63*E63) -> 0 | H63: =مجاميع!E34 -> 0 | I63: =+H63-G63 -> 0 | J63: =(H63-G63)/H63 -> #DIV/0!
D64: =+D63/0.71 -> 0 | E64: =+E63/0.71 -> 0 | G64: =+G63/0.71 -> 0 | H64: =+H63/0.71 -> 0 | I64: =+I63/0.71 -> 0
A65: =مجاميع!A35 -> 0 | B65: =مجاميع!B35 -> 0 | C65: =مجاميع!C35 -> 0 | D65: =مجاميع!D35 -> 0 | E65: =مجاميع!I35 -> 0 | F65: 0.18 | G65: =+(C65*E65)*(F65)+(C65*E65) -> 0 | H65: =مجاميع!E35 -> 0 | I65: =+H65-G65 -> 0 | J65: =(H65-G65)/H65 -> #DIV/0!
D66: =+D65/0.71 -> 0 | E66: =+E65/0.71 -> 0 | G66: =+G65/0.71 -> 0 | H66: =+H65/0.71 -> 0 | I66: =+I65/0.71 -> 0
A67: =مجاميع!A36 -> 0 | B67: =مجاميع!B36 -> 0 | C67: =مجاميع!C36 -> 0 | D67: =مجاميع!D36 -> 0 | E67: =مجاميع!I36 -> 0 | F67: 0.18 | G67: =+(C67*E67)*(F67)+(C67*E67) -> 0 | H67: =مجاميع!E36 -> 0 | I67: =+H67-G67 -> 0 | J67: =(H67-G67)/H67 -> #DIV/0!
D68: =+D67/0.71 -> 0 | E68: =+E67/0.71 -> 0 | G68: =+G67/0.71 -> 0 | H68: =+H67/0.71 -> 0 | I68: =+I67/0.71 -> 0
A69: =مجاميع!A37 -> 0 | B69: =مجاميع!B37 -> 0 | C69: =مجاميع!C37 -> 0 | D69: =مجاميع!D37 -> 0 | E69: =مجاميع!I37 -> 0 | F69: 0.18 | G69: =+(C69*E69)*(F69)+(C69*E69) -> 0 | H69: =مجاميع!E37 -> 0 | I69: =+H69-G69 -> 0 | J69: =(H69-G69)/H69 -> #DIV/0!
D70: =+D69/0.71 -> 0 | E70: =+E69/0.71 -> 0 | G70: =+G69/0.71 -> 0 | H70: =+H69/0.71 -> 0 | I70: =+I69/0.71 -> 0
A71: =مجاميع!A38 -> 0 | B71: =مجاميع!B38 -> 0 | C71: =مجاميع!C38 -> 0 | D71: =مجاميع!D38 -> 0 | E71: =مجاميع!I38 -> 0 | F71: 0.18 | G71: =+(C71*E71)*(F71)+(C71*E71) -> 0 | H71: =مجاميع!E38 -> 0 | I71: =+H71-G71 -> 0 | J71: =(H71-G71)/H71 -> #DIV/0!
D72: =+D71/0.71 -> 0 | E72: =+E71/0.71 -> 0 | G72: =+G71/0.71 -> 0 | H72: =+H71/0.71 -> 0 | I72: =+I71/0.71 -> 0
A73: =مجاميع!A39 -> 0 | B73: =مجاميع!B39 -> 0 | C73: =مجاميع!C39 -> 0 | D73: =مجاميع!D39 -> 0 | E73: =مجاميع!I39 -> 0 | F73: 0.18 | G73: =+(C73*E73)*(F73)+(C73*E73) -> 0 | H73: =مجاميع!E39 -> 0 | I73: =+H73-G73 -> 0 | J73: =(H73-G73)/H73 -> #DIV/0!
D74: =+D73/0.71 -> 0 | E74: =+E73/0.71 -> 0 | G74: =+G73/0.71 -> 0 | H74: =+H73/0.71 -> 0 | I74: =+I73/0.71 -> 0
A75: =مجاميع!A40 -> 0 | B75: =مجاميع!B40 -> 0 | C75: =مجاميع!C40 -> 0 | D75: =مجاميع!D40 -> 0 | E75: =مجاميع!I40 -> 0 | F75: 0.18 | G75: =+(C75*E75)*(F75)+(C75*E75) -> 0 | H75: =مجاميع!E40 -> 0 | I75: =+H75-G75 -> 0 | J75: =(H75-G75)/H75 -> #DIV/0!
D76: =+D75/0.71 -> 0 | E76: =+E75/0.71 -> 0 | G76: =+G75/0.71 -> 0 | H76: =+H75/0.71 -> 0 | I76: =+I75/0.71 -> 0
A77: =مجاميع!A41 -> 0 | B77: =مجاميع!B41 -> 0 | C77: =مجاميع!C41 -> 0 | D77: =مجاميع!D41 -> 0 | E77: =مجاميع!I41 -> 0 | F77: 0.18 | G77: =+(C77*E77)*(F77)+(C77*E77) -> 0 | H77: =مجاميع!E41 -> 0 | I77: =+H77-G77 -> 0 | J77: =(H77-G77)/H77 -> #DIV/0!
D78: =+D77/0.71 -> 0 | E78: =+E77/0.71 -> 0 | G78: =+G77/0.71 -> 0 | H78: =+H77/0.71 -> 0 | I78: =+I77/0.71 -> 0
A79: =مجاميع!A42 -> 0 | B79: =مجاميع!B42 -> 0 | C79: =مجاميع!C42 -> 0 | D79: =مجاميع!D42 -> 0 | E79: =مجاميع!I42 -> 0 | F79: 0.18 | G79: =+(C79*E79)*(F79)+(C79*E79) -> 0 | H79: =مجاميع!E42 -> 0 | I79: =+H79-G79 -> 0 | J79: =(H79-G79)/H79 -> #DIV/0!
D80: =+D79/0.71 -> 0 | E80: =+E79/0.71 -> 0 | G80: =+G79/0.71 -> 0 | H80: =+H79/0.71 -> 0 | I80: =+I79/0.71 -> 0
A81: =مجاميع!A43 -> 0 | B81: =مجاميع!B43 -> 0 | C81: =مجاميع!C43 -> 0 | D81: =مجاميع!D43 -> 0 | E81: =مجاميع!I43 -> 0 | F81: 0.18 | G81: =+(C81*E81)*(F81)+(C81*E81) -> 0 | H81: =مجاميع!E43 -> 0 | I81: =+H81-G81 -> 0 | J81: =(H81-G81)/H81 -> #DIV/0!
D82: =+D81/0.71 -> 0 | E82: =+E81/0.71 -> 0 | G82: =+G81/0.71 -> 0 | H82: =+H81/0.71 -> 0 | I82: =+I81/0.71 -> 0
A83: =مجاميع!A44 -> 0 | B83: =مجاميع!B44 -> 0 | C83: =مجاميع!C44 -> 0 | D83: =مجاميع!D44 -> 0 | E83: =مجاميع!I44 -> 0 | F83: 0.18 | G83: =+(C83*E83)*(F83)+(C83*E83) -> 0 | H83: =مجاميع!E44 -> 0 | I83: =+H83-G83 -> 0 | J83: =(H83-G83)/H83 -> #DIV/0!
D84: =+D83/0.71 -> 0 | E84: =+E83/0.71 -> 0 | G84: =+G83/0.71 -> 0 | H84: =+H83/0.71 -> 0 | I84: =+I83/0.71 -> 0
A85: =مجاميع!A45 -> 0 | B85: =مجاميع!B45 -> 0 | C85: =مجاميع!C45 -> 0 | D85: =مجاميع!D45 -> 0 | E85: =مجاميع!I45 -> 0 | F85: 0.18 | G85: =+(C85*E85)*(F85)+(C85*E85) -> 0 | H85: =مجاميع!E45 -> 0 | I85: =+H85-G85 -> 0 | J85: =(H85-G85)/H85 -> #DIV/0!
D86: =+D85/0.71 -> 0 | E86: =+E85/0.71 -> 0 | G86: =+G85/0.71 -> 0 | H86: =+H85/0.71 -> 0 | I86: =+I85/0.71 -> 0
A87: =مجاميع!A46 -> 0 | B87: =مجاميع!B46 -> 0 | C87: =مجاميع!C46 -> 0 | D87: =مجاميع!D46 -> 0 | E87: =مجاميع!I46 -> 0 | F87: 0.18 | G87: =+(C87*E87)*(F87)+(C87*E87) -> 0 | H87: =مجاميع!E46 -> 0 | I87: =+H87-G87 -> 0 | J87: =(H87-G87)/H87 -> #DIV/0!
D88: =+D87/0.71 -> 0 | E88: =+E87/0.71 -> 0 | G88: =+G87/0.71 -> 0 | H88: =+H87/0.71 -> 0 | I88: =+I87/0.71 -> 0
A89: =مجاميع!A47 -> 0 | B89: =مجاميع!B47 -> 0 | C89: =مجاميع!C47 -> 0 | D89: =مجاميع!D47 -> 0 | E89: =مجاميع!I47 -> 0 | F89: 0.18 | G89: =+(C89*E89)*(F89)+(C89*E89) -> 0 | H89: =مجاميع!E47 -> 0 | I89: =+H89-G89 -> 0 | J89: =(H89-G89)/H89 -> #DIV/0!
D90: =+D89/0.71 -> 0 | E90: =+E89/0.71 -> 0 | G90: =+G89/0.71 -> 0 | H90: =+H89/0.71 -> 0 | I90: =+I89/0.71 -> 0
A91: =مجاميع!A48 -> 0 | B91: =مجاميع!B48 -> 0 | C91: =مجاميع!C48 -> 0 | D91: =مجاميع!D48 -> 0 | E91: =مجاميع!I48 -> 0 | F91: 0.18 | G91: =+(C91*E91)*(F91)+(C91*E91) -> 0 | H91: =مجاميع!E48 -> 0 | I91: =+H91-G91 -> 0 | J91: =(H91-G91)/H91 -> #DIV/0!
D92: =+D91/0.71 -> 0 | E92: =+E91/0.71 -> 0 | G92: =+G91/0.71 -> 0 | H92: =+H91/0.71 -> 0 | I92: =+I91/0.71 -> 0
A93: =مجاميع!A49 -> 0 | B93: =مجاميع!B49 -> 0 | C93: =مجاميع!C49 -> 0 | D93: =مجاميع!D49 -> 0 | E93: =مجاميع!I49 -> 0 | F93: 0.18 | G93: =+(C93*E93)*(F93)+(C93*E93) -> 0 | H93: =مجاميع!E49 -> 0 | I93: =+H93-G93 -> 0 | J93: =(H93-G93)/H93 -> #DIV/0!
D94: =+D93/0.71 -> 0 | E94: =+E93/0.71 -> 0 | G94: =+G93/0.71 -> 0 | H94: =+H93/0.71 -> 0 | I94: =+I93/0.71 -> 0
A95: =مجاميع!A50 -> 0 | B95: =مجاميع!B50 -> 0 | C95: =مجاميع!C50 -> 0 | D95: =مجاميع!D50 -> 0 | E95: =مجاميع!I50 -> 0 | F95: 0.18 | G95: =+(C95*E95)*(F95)+(C95*E95) -> 0 | H95: =مجاميع!E50 -> 0 | I95: =+H95-G95 -> 0 | J95: =(H95-G95)/H95 -> #DIV/0!
D96: =+D95/0.71 -> 0 | E96: =+E95/0.71 -> 0 | G96: =+G95/0.71 -> 0 | H96: =+H95/0.71 -> 0 | I96: =+I95/0.71 -> 0
A97: =مجاميع!A51 -> 0 | B97: =مجاميع!B51 -> 0 | C97: =مجاميع!C51 -> 0 | D97: =مجاميع!D51 -> 0 | E97: =مجاميع!I51 -> 0 | F97: 0.18 | G97: =+(C97*E97)*(F97)+(C97*E97) -> 0 | H97: =مجاميع!E51 -> 0 | I97: =+H97-G97 -> 0 | J97: =(H97-G97)/H97 -> #DIV/0!
D98: =+D97/0.71 -> 0 | E98: =+E97/0.71 -> 0 | G98: =+G97/0.71 -> 0 | H98: =+H97/0.71 -> 0 | I98: =+I97/0.71 -> 0
A99: =مجاميع!A52 -> 0 | B99: =مجاميع!B52 -> 0 | C99: =مجاميع!C52 -> 0 | D99: =مجاميع!D52 -> 0 | E99: =مجاميع!I52 -> 0 | F99: 0.18 | G99: =+(C99*E99)*(F99)+(C99*E99) -> 0 | H99: =مجاميع!E52 -> 0 | I99: =+H99-G99 -> 0 | J99: =(H99-G99)/H99 -> #DIV/0!
D100: =+D99/0.71 -> 0 | E100: =+E99/0.71 -> 0 | G100: =+G99/0.71 -> 0 | H100: =+H99/0.71 -> 0 | I100: =+I99/0.71 -> 0
A101: =مجاميع!A53 -> 0 | B101: =مجاميع!B53 -> 0 | C101: =مجاميع!C53 -> 0 | D101: =مجاميع!D53 -> 0 | E101: =مجاميع!I53 -> 0 | F101: 0.18 | G101: =+(C101*E101)*(F101)+(C101*E101) -> 0 | H101: =مجاميع!E53 -> 0 | I101: =+H101-G101 -> 0 | J101: =(H101-G101)/H101 -> #DIV/0!
...

Sheet مجاميع
A1: OrderNo | B1: OrderDate | C1: Name | F1: There is a 100 kg bonus
A2: 2600325 | B2: 46084 | C2: BakeMark USA LLC
A4: ItemNo | B4: ItemDesc_Ara | C4: Qty | D4: U.Price | E4: TotalValue | F4: كلفة المعادلات | G4: المستودعات | H4: تكلفة الفاتورة | I4: COST | J4: COST INV | K4: Diff | L4: U*C | M4: Diff
A5: FGM.FIL.3535.0343 | B5: Kunafa Pistachio Crunchy Filling ( BAKE MARK - SING ) 6 Pail *1 kg | C5: 5070 | D5: 5.921 | E5: 30021.498 | F5: =IFERROR(VLOOKUP(A5,'[1]كلفة المواد الخام معادلات تصنيع'!$A:$C,3,0),0) -> 2.4780498 | G5: =IFERROR(VLOOKUP(A5,'[1]قيمة المخزون'!$A:$C,3,0),0) -> 0 | H5: =+IFERROR(VLOOKUP(A5,[2]Sheet2!$A:$C,3,0),0) -> 0 | I5: =+J5 -> 2.3253 | J5: 2.3253 | K5: =+I5-J5 -> 0 | L5: =+D5*C5 -> 30019.47 | M5: =+E5-L5 -> 2.028
A6: FGM.FIL.3536.0343 | B6: Kunafa Pistachio Filling ( BAKE MARK - SING ) 4 Pail *5 kg | C6: 400 | D6: 5.921 | E6: 2368.56 | F6: =IFERROR(VLOOKUP(A6,'[1]كلفة المواد الخام معادلات تصنيع'!$A:$C,3,0),0) -> 2.3849756 | G6: =IFERROR(VLOOKUP(A6,'[1]قيمة المخزون'!$A:$C,3,0),0) -> 0 | H6: =+IFERROR(VLOOKUP(A6,[2]Sheet2!$A:$C,3,0),0) -> 0 | I6: =+J6 -> 2.2266 | J6: 2.2266 | K6: =+I6-J6 -> 0 | L6: =+D6*C6 -> 2368.4 | M6: =+E6-L6 -> 0.16
A7: FGM.FIL.3537.0343 | B7: Bisco Crunchy Filling ( BAKE MARK - SING ) 6 Pail *1 kg | C7: 1014 | D7: 3.656 | E7: 3707.691 | F7: =IFERROR(VLOOKUP(A7,'[1]كلفة المواد الخام معادلات تصنيع'!$A:$C,3,0),0) -> 1.7351842 | G7: =IFERROR(VLOOKUP(A7,'[1]قيمة المخزون'!$A:$C,3,0),0) -> 0 | H7: =+IFERROR(VLOOKUP(A7,[2]Sheet2!$A:$C,3,0),0) -> 0 | I7: =+J7 -> 1.6663 | J7: 1.6663 | K7: =+I7-J7 -> 0 | L7: =+D7*C7 -> 3707.184 | M7: =+E7-L7 -> 0.507
A8: FGM.FIL.3871.0343 | B8: Kunafa Peanut Butter Filling ( Bake Mark - SING ) 6Pail *1 kg | C8: 300 | D8: 2.982 | E8: 894.6 | F8: =IFERROR(VLOOKUP(A8,'[1]كلفة المواد الخام معادلات تصنيع'!$A:$C,3,0),0) -> 0 | G8: =IFERROR(VLOOKUP(A8,'[1]قيمة المخزون'!$A:$C,3,0),0) -> 0 | H8: =+IFERROR(VLOOKUP(A8,[2]Sheet2!$A:$C,3,0),0) -> 0 | I8: =+J8 -> 2.2401 | J8: 2.2401 | K8: =+I8-J8 -> 0 | L8: =+D8*C8 -> 894.6 | M8: =+E8-L8 -> 0
A9: FGM.FIL.3873.0343 | B9: Milk Chocolate Cream With Fuellitine Crunchy (Bake Mark - SING ) 6 Pail * 1 KG | C9: 102 | D9: 4.047 | E9: 412.794 | F9: =IFERROR(VLOOKUP(A9,'[1]كلفة المواد الخام معادلات تصنيع'!$A:$C,3,0),0) -> 0 | G9: =IFERROR(VLOOKUP(A9,'[1]قيمة المخزون'!$A:$C,3,0),0) -> 0 | H9: =+IFERROR(VLOOKUP(A9,[2]Sheet2!$A:$C,3,0),0) -> 0 | I9: =+J9 -> 2.0704 | J9: 2.0704 | K9: =+I9-J9 -> 0 | L9: =+D9*C9 -> 412.794 | M9: =+E9-L9 -> 0
A10: FGM.FIL.3874.0343 | B10: Milk Chocolate Cream With Fuellitine ( Bake Mark - SING ) 4 Pail *5 kg | C10: 2000 | D10: 4.047 | E10: 8094 | F10: =IFERROR(VLOOKUP(A10,'[1]كلفة المواد الخام معادلات تصنيع'!$A:$C,3,0),0) -> 0 | G10: =IFERROR(VLOOKUP(A10,'[1]قيمة المخزون'!$A:$C,3,0),0) -> 0 | H10: =+IFERROR(VLOOKUP(A10,[2]Sheet2!$A:$C,3,0),0) -> 0 | I10: =+J10 -> 1.9716 | J10: 1.9716 | K10: =+I10-J10 -> 0 | L10: =+D10*C10 -> 8094 | M10: =+E10-L10 -> 0
F11: =IFERROR(VLOOKUP(A11,'[1]كلفة المواد الخام معادلات تصنيع'!$A:$C,3,0),0) -> 0 | G11: =IFERROR(VLOOKUP(A11,'[1]قيمة المخزون'!$A:$C,3,0),0) -> 0 | H11: =+IFERROR(VLOOKUP(A11,[2]Sheet2!$A:$C,3,0),0) -> 0 | I11: =+J11 -> 0 | J11: 0 | K11: =+I11-J11 -> 0 | L11: =+D11*C11 -> 0 | M11: =+E11-L11 -> 0
F12: =IFERROR(VLOOKUP(A12,'[1]كلفة المواد الخام معادلات تصنيع'!$A:$C,3,0),0) -> 0 | G12: =IFERROR(VLOOKUP(A12,'[1]قيمة المخزون'!$A:$C,3,0),0) -> 0 | H12: =+IFERROR(VLOOKUP(A12,[2]Sheet2!$A:$C,3,0),0) -> 0 | I12: =+J12 -> 0 | J12: 0 | K12: =+I12-J12 -> 0 | L12: =+D12*C12 -> 0 | M12: =+E12-L12 -> 0
F13: =IFERROR(VLOOKUP(A13,'[1]كلفة المواد الخام معادلات تصنيع'!$A:$C,3,0),0) -> 0 | G13: =IFERROR(VLOOKUP(A13,'[1]قيمة المخزون'!$A:$C,3,0),0) -> 0 | H13: =+IFERROR(VLOOKUP(A13,[2]Sheet2!$A:$C,3,0),0) -> 0 | I13: =+J13 -> 0 | J13: 0 | K13: =+I13-J13 -> 0 | L13: =+D13*C13 -> 0 | M13: =+E13-L13 -> 0
F14: =IFERROR(VLOOKUP(A14,'[1]كلفة المواد الخام معادلات تصنيع'!$A:$C,3,0),0) -> 0 | G14: =IFERROR(VLOOKUP(A14,'[1]قيمة المخزون'!$A:$C,3,0),0) -> 0 | H14: =+IFERROR(VLOOKUP(A14,[2]Sheet2!$A:$C,3,0),0) -> 0 | I14: =+J14 -> 0 | J14: 0 | K14: =+I14-J14 -> 0 | L14: =+D14*C14 -> 0 | M14: =+E14-L14 -> 0
F15: =IFERROR(VLOOKUP(A15,'[1]كلفة المواد الخام معادلات تصنيع'!$A:$C,3,0),0) -> 0 | G15: =IFERROR(VLOOKUP(A15,'[1]قيمة المخزون'!$A:$C,3,0),0) -> 0 | H15: =+IFERROR(VLOOKUP(A15,[2]Sheet2!$A:$C,3,0),0) -> 0 | I15: =+J15 -> 0 | J15: 0 | K15: =+I15-J15 -> 0 | L15: =+D15*C15 -> 0 | M15: =+E15-L15 -> 0
F16: =IFERROR(VLOOKUP(A16,'[1]كلفة المواد الخام معادلات تصنيع'!$A:$C,3,0),0) -> 0 | G16: =IFERROR(VLOOKUP(A16,'[1]قيمة المخزون'!$A:$C,3,0),0) -> 0 | H16: =+IFERROR(VLOOKUP(A16,[2]Sheet2!$A:$C,3,0),0) -> 0 | I16: =+J16 -> 0 | J16: 0 | K16: =+I16-J16 -> 0 | L16: =+D16*C16 -> 0 | M16: =+E16-L16 -> 0
F17: =IFERROR(VLOOKUP(A17,'[1]كلفة المواد الخام معادلات تصنيع'!$A:$C,3,0),0) -> 0 | G17: =IFERROR(VLOOKUP(A17,'[1]قيمة المخزون'!$A:$C,3,0),0) -> 0 | H17: =+IFERROR(VLOOKUP(A17,[2]Sheet2!$A:$C,3,0),0) -> 0 | I17: =+J17 -> 0 | J17: 0 | K17: =+I17-J17 -> 0 | L17: =+D17*C17 -> 0 | M17: =+E17-L17 -> 0
F18: =IFERROR(VLOOKUP(A18,'[1]كلفة المواد الخام معادلات تصنيع'!$A:$C,3,0),0) -> 0 | G18: =IFERROR(VLOOKUP(A18,'[1]قيمة المخزون'!$A:$C,3,0),0) -> 0 | H18: =+IFERROR(VLOOKUP(A18,[2]Sheet2!$A:$C,3,0),0) -> 0 | I18: =+J18 -> 0 | J18: 0 | K18: =+I18-J18 -> 0 | L18: =+D18*C18 -> 0 | M18: =+E18-L18 -> 0
F19: =IFERROR(VLOOKUP(A19,'[1]كلفة المواد الخام معادلات تصنيع'!$A:$C,3,0),0) -> 0 | G19: =IFERROR(VLOOKUP(A19,'[1]قيمة المخزون'!$A:$C,3,0),0) -> 0 | H19: =+IFERROR(VLOOKUP(A19,[2]Sheet2!$A:$C,3,0),0) -> 0 | I19: =+J19 -> 0 | J19: 0 | K19: =+I19-J19 -> 0 | L19: =+D19*C19 -> 0 | M19: =+E19-L19 -> 0
D20: =IFERROR(E20/C20,0) -> 0 | E20: =+N20*-1 -> 0 | F20: =IFERROR(VLOOKUP(A20,'[1]كلفة المواد الخام معادلات تصنيع'!$A:$C,3,0),0) -> 0 | G20: =IFERROR(VLOOKUP(A20,'[1]قيمة المخزون'!$A:$C,3,0),0) -> 0 | H20: =+IFERROR(VLOOKUP(A20,[2]Sheet2!$A:$C,3,0),0) -> 0 | I20: =+J20 -> 0 | K20: =+I20-J20 -> 0 | L20: =+D20*C20 -> 0 | M20: =+E20-L20 -> 0
D21: =IFERROR(E21/C21,0) -> 0 | E21: =+N21*-1 -> 0 | F21: =IFERROR(VLOOKUP(A21,'[1]كلفة المواد الخام معادلات تصنيع'!$A:$C,3,0),0) -> 0 | G21: =IFERROR(VLOOKUP(A21,'[1]قيمة المخزون'!$A:$C,3,0),0) -> 0 | H21: =+IFERROR(VLOOKUP(A21,[2]Sheet2!$A:$C,3,0),0) -> 0 | I21: =+J21 -> 0 | K21: =+I21-J21 -> 0 | L21: =+D21*C21 -> 0 | M21: =+E21-L21 -> 0
D22: =IFERROR(E22/C22,0) -> 0 | E22: =+N22*-1 -> 0 | F22: =IFERROR(VLOOKUP(A22,'[1]كلفة المواد الخام معادلات تصنيع'!$A:$C,3,0),0) -> 0 | G22: =IFERROR(VLOOKUP(A22,'[1]قيمة المخزون'!$A:$C,3,0),0) -> 0 | H22: =+IFERROR(VLOOKUP(A22,[2]Sheet2!$A:$C,3,0),0) -> 0 | I22: =+J22 -> 0 | K22: =+I22-J22 -> 0 | L22: =+D22*C22 -> 0 | M22: =+E22-L22 -> 0
D23: =IFERROR(E23/C23,0) -> 0 | E23: =+N23*-1 -> 0 | F23: =IFERROR(VLOOKUP(A23,'[1]كلفة المواد الخام معادلات تصنيع'!$A:$C,3,0),0) -> 0 | G23: =IFERROR(VLOOKUP(A23,'[1]قيمة المخزون'!$A:$C,3,0),0) -> 0 | H23: =+IFERROR(VLOOKUP(A23,[2]Sheet2!$A:$C,3,0),0) -> 0 | I23: =+J23 -> 0 | K23: =+I23-J23 -> 0 | L23: =+D23*C23 -> 0 | M23: =+E23-L23 -> 0
D24: =IFERROR(E24/C24,0) -> 0 | E24: =+N24*-1 -> 0 | F24: =IFERROR(VLOOKUP(A24,'[1]كلفة المواد الخام معادلات تصنيع'!$A:$C,3,0),0) -> 0 | G24: =IFERROR(VLOOKUP(A24,'[1]قيمة المخزون'!$A:$C,3,0),0) -> 0 | H24: =+IFERROR(VLOOKUP(A24,[2]Sheet2!$A:$C,3,0),0) -> 0 | I24: =+J24 -> 0 | K24: =+I24-J24 -> 0 | L24: =+D24*C24 -> 0 | M24: =+E24-L24 -> 0
D25: =IFERROR(E25/C25,0) -> 0 | E25: =+N25*-1 -> 0 | F25: =IFERROR(VLOOKUP(A25,'[1]كلفة المواد الخام معادلات تصنيع'!$A:$C,3,0),0) -> 0 | G25: =IFERROR(VLOOKUP(A25,'[1]قيمة المخزون'!$A:$C,3,0),0) -> 0 | H25: =+IFERROR(VLOOKUP(A25,[2]Sheet2!$A:$C,3,0),0) -> 0 | I25: =+J25 -> 0 | K25: =+I25-J25 -> 0 | L25: =+D25*C25 -> 0 | M25: =+E25-L25 -> 0
D26: =IFERROR(E26/C26,0) -> 0 | E26: =+N26*-1 -> 0 | F26: =IFERROR(VLOOKUP(A26,'[1]كلفة المواد الخام معادلات تصنيع'!$A:$C,3,0),0) -> 0 | G26: =IFERROR(VLOOKUP(A26,'[1]قيمة المخزون'!$A:$C,3,0),0) -> 0 | H26: =+IFERROR(VLOOKUP(A26,[2]Sheet2!$A:$C,3,0),0) -> 0 | I26: =+J26 -> 0 | K26: =+I26-J26 -> 0 | L26: =+D26*C26 -> 0 | M26: =+E26-L26 -> 0
D27: =IFERROR(E27/C27,0) -> 0 | E27: =+N27*-1 -> 0 | F27: =IFERROR(VLOOKUP(A27,'[1]كلفة المواد الخام معادلات تصنيع'!$A:$C,3,0),0) -> 0 | G27: =IFERROR(VLOOKUP(A27,'[1]قيمة المخزون'!$A:$C,3,0),0) -> 0 | H27: =+IFERROR(VLOOKUP(A27,[2]Sheet2!$A:$C,3,0),0) -> 0 | I27: =+J27 -> 0 | K27: =+I27-J27 -> 0 | L27: =+D27*C27 -> 0 | M27: =+E27-L27 -> 0
D28: =IFERROR(E28/C28,0) -> 0 | E28: =+N28*-1 -> 0 | F28: =IFERROR(VLOOKUP(A28,'[1]كلفة المواد الخام معادلات تصنيع'!$A:$C,3,0),0) -> 0 | G28: =IFERROR(VLOOKUP(A28,'[1]قيمة المخزون'!$A:$C,3,0),0) -> 0 | H28: =+IFERROR(VLOOKUP(A28,[2]Sheet2!$A:$C,3,0),0) -> 0 | I28: =+J28 -> 0 | K28: =+I28-J28 -> 0 | L28: =+D28*C28 -> 0 | M28: =+E28-L28 -> 0
D29: =IFERROR(E29/C29,0) -> 0 | E29: =+N29*-1 -> 0 | F29: =IFERROR(VLOOKUP(A29,'[1]كلفة المواد الخام معادلات تصنيع'!$A:$C,3,0),0) -> 0 | G29: =IFERROR(VLOOKUP(A29,'[1]قيمة المخزون'!$A:$C,3,0),0) -> 0 | H29: =+IFERROR(VLOOKUP(A29,[2]Sheet2!$A:$C,3,0),0) -> 0 | I29: =+J29 -> 0 | K29: =+I29-J29 -> 0 | L29: =+D29*C29 -> 0 | M29: =+E29-L29 -> 0
D30: =IFERROR(E30/C30,0) -> 0 | E30: =+N30*-1 -> 0 | F30: =IFERROR(VLOOKUP(A30,'[1]كلفة المواد الخام معادلات تصنيع'!$A:$C,3,0),0) -> 0 | G30: =IFERROR(VLOOKUP(A30,'[1]قيمة المخزون'!$A:$C,3,0),0) -> 0 | H30: =+IFERROR(VLOOKUP(A30,[2]Sheet2!$A:$C,3,0),0) -> 0 | I30: =+J30 -> 0 | K30: =+I30-J30 -> 0 | L30: =+D30*C30 -> 0 | M30: =+E30-L30 -> 0
D31: =IFERROR(E31/C31,0) -> 0 | E31: =+N31*-1 -> 0 | F31: =IFERROR(VLOOKUP(A31,'[1]كلفة المواد الخام معادلات تصنيع'!$A:$C,3,0),0) -> 0 | G31: =IFERROR(VLOOKUP(A31,'[1]قيمة المخزون'!$A:$C,3,0),0) -> 0 | H31: =+IFERROR(VLOOKUP(A31,[2]Sheet2!$A:$C,3,0),0) -> 0 | I31: =+J31 -> 0 | K31: =+I31-J31 -> 0 | L31: =+D31*C31 -> 0 | M31: =+E31-L31 -> 0
... D53: =IFERROR(E53/C53,0) -> 0 | E53: =+N53*-1 -> 0 | F53: =IFERROR(VLOOKUP(A53,'[1]كلفة المواد الخام معادلات تصنيع'!$A:$C,3,0),0) -> 0 | G53: =IFERROR(VLOOKUP(A53,'[1]قيمة المخزون'!$A:$C,3,0),0) -> 0 | H53: =+IFERROR(VLOOKUP(A53,[2]Sheet2!$A:$C,3,0),0) -> 0 | I53: =+J53 -> 0 | K53: =+I53-J53 -> 0 | L53: =+D53*C53 -> 0 | M53: =+E53-L53 -> 0
